Circonférence à 1.30 m (cm),volume (m3)
107,1.1
165,2.95
119,1.46
141,2.24
142,2.28
159,2.99
182,3.51
169,2.93
215,4.79
138,1.53
152,1.94
158,2.12
69,0.28
77,0.4
89,0.59
103,0.8
72,0.33
96,0.72
74,0.36
106,0.86
72,0.33
153,2.34
129,1.49
106,0.69
196,3.97
80,0.32
84,0.37
138,1.76
100,0.59
92,0.47
120,1.49
103,0.95
132,1.79
131,1.75
118,1.43
127,1.72
105,1
102,0.93
121,1.52
164,3.2
97,0.81
138,2
133,1.82
71,0.33
83,0.51
133,1.68
127,1.5
87,0.6
152,2.33
101,0.89
142,1.98
145,2.6
135,1.68
174,2.89
90,0.59
93,0.64
155,2.41
144,1.98
158,2.53
69,0.22
78,0.28
81,0.36
132,1.13
81,0.4
101,0.73
129,1.15
73,0.3
78,0.26
147,2.36
140,2.9
206,5.17
212,5.5
128,1.65
87,0.65
97,0.87
138,1.97
137,1.93
128,1.65
138,1.97
113,1.31
108,1.16
79,0.5
145,2.22
100,0.95
140,2.4
156,2.4
157,2.43
128,1.52
106,0.96
150,2.18
156,2.4
134,1.7
110,1.6
127,1
195,3.55
91,0.57
89,0.53
118,1.18
81,0.55
125,1.37
126,1.4
119,1.21
152,2.47
143,1.91
145,1.98
170,2.9
69,0.36
135,1.66
155,2.58
95,0.85
142,1.88
112,1.32
130,1.51
131,1.54
132,1.57
168,3.29
122,1.28
133,1.6
130,1.51
82,0.44
134,1.61
122,1.27
107,0.89
124,1.32
89,0.55
138,1.73
116,1.11
122,1.24
117,1.37
78,0.46
108,1.11
125,1.66
115,1.31
96,0.81
116,1.34
92,0.73
105,1.3
122,1.56
122,1.56
127,1.73
119,1.45
119,1.45
96,0.81
86,0.6
134,1.98
120,0.98
76,0.35
92,0.59
98,0.69
106,0.8
92,0.59
108,0.84
68,0.24
143,2.3
179,3.79
166,3.19
186,3.99
176,3.58
136,1.79
229,5.8
71,0.3
88,0.52
88,0.52
77,0.36
121,1.25
120,1.54
136,2.1
123,1.64
139,2.12
103,1.9
121,1.57
118,1.47
116,1.49
118,1.47
124,1.67
120,1.54
141,2.2
98,0.95
118,1.47
102,1.6
124,1.67
106,1.17
108,1.23
171,3.18
131,1.74
152,2.5
211,4.92
169,3.6
157,2.7
155,2.62
107,0.95
89,0.58
177,2.9
151,2.1
157,2.31
142,1.81
213,3.25
112,0.84
80,0.34
80,0.34
87,0.43
77,0.31
89,0.46
120,0.97
104,0.69
120,0.97
122,1.2
81,0.35
97,0.58
99,0.88
127,1.54
125,1.52
99,0.58
119,1.34
108,0.74
80,0.33
95,0.52
130,1.68
115,0.87
127,1.59
145,2.21
153,2.15
138,1.67
178,4.21
167,3.75
182,3.97
170,3.71
138,1.67
129,1.41
148,1.99
233,6.52
141,1.77
142,1.8
224,6.41
162,2.46
79,0.48
125,1.43
127,1.49
80,0.5
94,0.77
82,0.53
82,0.53
93,0.75
74,0.4
100,0.85
87,0.63
68,0.38
102,0.89
100,0.85
130,1.57
84,0.53
135,1.72
107,1.1
96,0.76
114,1.2
135,1.72
97,0.78
129,1.54
104,0.94
105,0.63
118,1.3
110,0.71
143,1.79
121,1.17
139,1.67
150,2.15
131,1.54
135,1.66
124,1.34
168,2.79
118,1.18
143,1.91
140,1.82
147,2.5
134,1.63
138,1.75
153,2.24
145,1.98
130,1.51
119,1.21
193,4.66
185,3.62
147,2.38
97,0.96
127,1.65
118,1.37
144,2.26
158,2.74
158,2.74
162,2.91
101,1.7
143,2.22
128,1.69
135,1.93
122,1.49
118,1.37
139,2.7
100,1.5
132,1.31
84,0.46
135,1.87
134,1.83
143,2.15
150,2.42
121,1.29
134,1.68
151,2.25
134,1.86
167,3.13
96,0.72
129,1.69
156,2.69
215,5.56
154,2.61
87,0.55
152,2.53
129,1.69
101,0.82
83,0.49
138,2.8
123,1.56
155,2.76
160,2.22
118,1.4
143,2.27
150,2.55
127,1.69
162,2.29
167,2.66
132,1.86
159,2.19
138,2.8
105,0.99
143,2.5
181,4.24
165,3.48
87,0.82
154,2.99
147,2.68
119,1.58
152,2.9
151,2.85
183,3.71
179,4.13
148,2.72
136,1.86
176,3.3
150,2.23
142,2.7
111,1
151,2.26
118,1.3
99,0.74
131,1.69
136,1.86
79,0.43
85,0.48
83,0.45
101,0.76
71,0.29
98,0.7
71,0.29
89,0.54
84,0.46
92,0.59
79,0.39
90,0.56
84,0.46
81,0.42
102,0.78
135,1.55
87,0.51
139,1.66
89,0.54
78,0.38
113,1.6
140,1.76
139,1.73
115,1.1
140,1.76
127,1.38
123,1.27
83,0.51
102,0.89
93,0.7
123,1.23
81,0.48
130,1.23
78,0.41
118,0.96
76,0.38
114,1.9
95,0.7
112,1.4
75,0.37
101,0.82
92,0.64
89,0.59
74,0.35
76,0.38
92,0.89
145,2.2
80,0.61
170,2.99
135,1.84
129,1.65
91,0.87
130,1.8
112,1.4
129,1.76
104,1.15
184,3.92
113,1.43
167,3.23
138,2.9
136,2.1
172,3.22
139,2.12
149,2.51
153,2.68
134,1.94
126,1.66
102,1.9
118,1.4
109,0.87
222,5.42
157,3.14
137,2.26
214,4.84
143,2.51
213,5.24
176,3.79
170,3.61
169,3.42
172,3.78
128,1.91
126,1.83
145,2.6
155,3.5
158,3.19
154,3
138,2.3
134,2.14
143,2.51
172,3.78
99,0.6
165,2.98
126,1.75
96,0.74
154,2.87
86,0.55
89,0.6
102,0.87
106,0.96
128,1.82
149,2.65
121,1.58
140,2.24
160,2.9
152,2.73
163,3.3
141,2.28
152,2.73
147,2.52
143,2.36
160,2.9
171,2.95
153,2.53
141,2.5
143,2.15
151,2.45
127,1.58
129,1.64
145,2.22
128,1.61
74,0.4
144,1.34
81,0.52
71,0.28
98,0.69
82,0.43
78,0.37
70,0.29
82,0.43
88,0.52
144,2.39
178,3.88
170,3.47
115,1.51
145,2.43
168,3.56
162,3.16
145,2.43
156,2.9
174,3.76
130,1.85
146,2.47
178,3.72
146,2.47
135,2.4
130,1.85
160,3.7
158,2.98
137,2.11
166,3.28
193,3.74
82,0.44
95,0.65
105,0.86
72,0.33
83,0.49
110,1.4
119,1.16
115,1.17
121,1.21
127,1.37
97,0.75
91,0.63
92,0.65
121,1.21
102,0.85
151,2.11
90,0.61
104,0.9
98,0.77
91,0.63
113,1.12
108,0.68
120,0.96
124,1.4
96,0.5
82,0.32
92,0.6
95,0.66
117,1.14
88,0.6
119,1.22
97,0.7
122,1.1
87,0.5
96,0.65
112,0.98
129,1.27
92,0.58
80,0.4
96,0.66
87,0.5
106,0.86
102,0.78
85,0.47
93,0.6
82,0.43
95,0.64
83,0.44
88,0.52
91,0.56
85,0.47
146,2.2
79,0.41
73,0.33
87,0.53
69,0.27
73,0.33
104,0.84
86,0.5
135,1.62
120,1.27
135,1.62
128,1.5
125,1.41
111,1.11
75,0.39
135,1.62
75,0.36
72,0.32
72,0.32
134,2.6
144,2.46
116,1.58
151,2.72
127,1.8
150,2.72
150,2.72
149,2.67
144,2.46
184,3.99
164,3.3
186,4.4
204,4.89
144,2.46
199,4
131,1.62
237,5.91
84,0.5
76,0.38
113,1.9
75,0.37
113,1.13
95,0.71
81,0.46
84,0.41
92,0.52
80,0.36
121,1.2
93,0.54
95,0.57
77,0.32
85,0.42
94,0.55
101,0.85
97,0.6
87,0.45
72,0.27
86,0.44
100,0.65
118,1.37
128,1.44
134,1.61
116,1.1
118,1.37
140,1.8
123,1.43
143,1.85
160,2.42
129,1.62
178,3.7
162,2.49
135,1.63
68,0.23
46,0.1
47,0.1
47,0.1
47,0.1
128,1.51
102,1.2
147,2.13
151,2.27
98,0.92
47,0.1
47,0.1
47,0.1
81,0.56
47,0.1
48,0.1
48,0.1
48,0.1
72,0.4
48,0.1
48,0.1
48,0.1
49,0.1
49,0.1
49,0.1
49,0.1
134,1.55
107,0.97
101,0.83
123,1.25
133,1.53
128,1.39
124,1.28
110,1.5
113,1.12
160,2.7
120,1.33
146,2.17
163,2.82
128,1.57
167,2.95
153,2.43
123,1.41
201,4.42
194,3.97
189,3.75
143,2.26
178,3.4
159,2.92
165,3.23
178,3.56
169,3.38
231,6.25
49,0.1
76,0.41
178,3.7
49,0.1
160,3.6
162,3.15
49,0.1
107,1.4
158,2.97
49,0.1
86,0.49
76,0.42
77,0.43
50,0.1
50,0.1
50,0.1
84,0.48
51,0.1
51,0.1
84,0.48
81,0.44
70,0.35
73,0.36
84,0.48
73,0.36
177,3.13
108,0.98
108,0.98
161,2.92
104,1.13
201,4.58
160,2.87
195,4.14
162,2.63
206,4.92
51,0.1
51,0.1
51,0.1
51,0.1
52,0.1
52,0.1
52,0.1
52,0.1
53,0.1
118,1.1
134,1.53
72,0.36
53,0.1
83,0.53
73,0.26
53,0.1
85,0.39
95,0.53
81,0.42
109,0.94
118,1.1
121,1.17
117,1.1
104,0.83
95,0.65
140,1.69
128,1.35
85,0.33
133,1.95
131,1.88
118,1.44
103,1.14
86,0.7
128,1.77
76,0.35
89,0.54
88,0.53
53,0.1
54,0.1
55,0.1
100,0.74
91,0.58
146,1.55
97,0.68
55,0.1
55,0.1
77,0.37
45,0.11
45,0.11
92,0.59
45,0.11
74,0.38
100,0.74
82,0.44
73,0.36
78,0.38
46,0.11
46,0.11
46,0.11
77,0.42
84,0.53
83,0.51
93,0.7
72,0.35
104,0.81
101,0.75
106,0.85
46,0.11
76,0.39
46,0.11
47,0.11
47,0.11
47,0.11
128,1.14
143,1.5
126,1.9
136,1.32
125,1
117,1.3
126,1.9
118,0.86
96,0.61
105,0.98
83,0.52
128,1.67
100,0.86
121,1.39
122,1.48
131,1.77
132,1.8
88,0.61
116,1.28
107,1.3
118,1.3
89,0.63
125,1.57
113,1.19
137,1.7
143,1.86
113,1.7
115,1.12
105,0.88
148,2.2
121,1.24
47,0.11
48,0.11
48,0.11
48,0.11
48,0.11
120,1.19
48,0.11
48,0.11
77,0.43
49,0.11
49,0.11
49,0.11
49,0.11
49,0.11
49,0.11
119,1.41
132,1.84
126,1.64
114,1.32
138,2.2
142,2.16
129,1.74
133,1.87
113,1.29
144,2.24
137,1.98
135,1.95
131,1.37
162,2.3
203,4.42
80,0.64
75,0.53
145,2.67
130,2.4
50,0.11
138,2.37
123,1.77
135,2.24
111,1.53
172,3.87
88,0.82
72,0.48
159,3.4
84,0.73
144,2.63
135,2.24
50,0.11
130,2.4
101,1.19
141,2.5
92,0.93
128,1.96
146,2.48
136,2.28
50,0.11
114,1.64
79,0.61
122,1.73
101,1.19
137,2.32
180,3.47
70,0.45
99,1.13
133,2.16
82,0.68
159,2.52
72,0.27
118,1.11
50,0.11
101,0.67
137,1.62
73,0.28
50,0.11
50,0.11
78,0.48
135,1.51
153,2.5
76,0.45
50,0.11
298,11.1
155,2.73
325,12.89
130,1.78
240,7.22
50,0.11
71,0.29
73,0.31
50,0.11
87,0.51
71,0.29
78,0.34
72,0.27
51,0.11
51,0.11
122,1.61
131,1.93
141,2.35
166,3.48
124,1.68
129,1.86
126,1.75
137,2.16
150,2.73
167,3.6
142,2.39
126,1.75
105,1.8
131,1.76
98,0.93
114,1.39
102,1.4
84,0.62
104,1.9
51,0.11
120,1.41
136,1.94
126,1.6
135,1.9
129,1.7
131,1.76
117,1.49
51,0.11
129,1.7
105,1.12
125,1.57
78,0.5
145,2.36
51,0.11
117,1.49
130,1.73
76,0.47
141,2.2
101,1.1
51,0.11
81,0.56
51,0.11
51,0.11
51,0.11
51,0.11
123,1.38
142,1.98
148,2.25
121,1.43
94,0.63
121,1.43
155,1.35
119,1.37
122,1.46
156,1.37
147,2.32
145,2.24
135,1.88
141,2.9
133,1.81
116,1.1
152,2.51
137,1.95
161,1.47
135,1.88
164,1.54
136,1.92
154,2.59
108,0.91
140,2.6
90,0.56
52,0.11
52,0.11
122,1.4
138,1.48
124,1.8
118,0.95
131,1.3
128,1.22
127,1.15
142,1.59
121,1.2
103,0.77
124,1.2
169,3.27
71,0.26
172,3.31
165,2.72
170,2.87
160,2.9
164,2.98
180,3.44
136,1.96
161,2.85
52,0.11
52,0.11
52,0.11
52,0.11
53,0.11
54,0.11
54,0.11
54,0.11
55,0.11
55,0.11
55,0.11
55,0.11
56,0.11
135,1.11
189,3.24
69,0.28
59,0.11
81,0.41
85,0.47
84,0.45
47,0.12
103,0.82
47,0.12
47,0.12
71,0.3
47,0.12
47,0.12
47,0.12
48,0.12
49,0.12
50,0.12
50,0.12
50,0.12
50,0.12
51,0.12
51,0.12
51,0.12
51,0.12
51,0.12
51,0.12
52,0.12
52,0.12
52,0.12
52,0.12
52,0.12
52,0.12
52,0.12
52,0.12
52,0.12
130,1.61
127,1.7
141,2.21
130,1.8
119,1.29
163,2.79
134,1.74
131,1.84
163,3.12
168,3.27
173,3.43
139,2.13
130,1.31
134,1.87
92,0.7
111,1.15
144,2.23
127,1.24
169,3.14
132,1.36
154,2.63
131,1.34
115,1.27
95,0.75
83,0.54
104,0.95
82,0.52
78,0.46
75,0.41
99,0.83
77,0.44
112,1.16
85,0.58
86,0.6
81,0.36
107,0.84
102,0.74
92,0.51
107,0.84
52,0.12
53,0.12
106,0.82
53,0.12
87,0.64
112,1.13
75,0.43
76,0.44
91,0.72
96,0.75
80,0.51
110,1.8
111,0.64
53,0.12
71,0.19
97,0.83
97,0.83
136,1.89
130,1.69
195,4.5
171,3.14
134,2.6
97,0.64
160,3.16
162,3.26
86,0.46
202,4.31
225,5.37
127,1.59
77,0.31
163,2.92
131,1.72
137,1.93
153,2.52
123,1.47
53,0.12
241,6.87
179,3.63
53,0.12
53,0.12
53,0.12
151,2.76
118,1.46
53,0.12
100,1.28
123,1.66
80,0.7
100,1.28
138,2.22
118,1.46
159,3.12
78,0.65
122,1.59
122,1.59
129,1.87
182,3.35
174,3.38
160,2.87
240,6.33
123,1.24
161,2.39
81,0.42
136,1.59
126,1.32
121,1.19
103,0.9
121,1.19
86,0.55
112,1.12
90,0.62
127,1.41
93,0.68
140,1.8
124,1.27
54,0.12
54,0.12
54,0.12
83,0.55
152,2.7
54,0.12
55,0.12
56,0.12
90,0.66
78,0.45
118,1.29
108,1.8
113,1.21
77,0.43
70,0.43
107,1.5
103,0.95
107,1.5
118,1.29
56,0.12
88,0.62
123,1.44
197,4.31
145,2.27
209,4.69
57,0.12
92,0.43
79,0.29
73,0.23
113,0.75
57,0.12
58,0.12
58,0.12
60,0.12
47,0.13
48,0.13
294,10.75
253,7.85
135,1.85
83,0.5
134,1.82
157,2.83
49,0.13
49,0.13
119,1.34
95,0.73
137,2.3
112,1.12
119,1.34
115,1.31
107,1.12
103,1.1
148,2.4
96,0.84
118,1.36
109,1.18
111,1.19
108,1.15
121,1.45
86,0.69
131,1.8
128,1.7
78,0.53
180,3.26
105,1.18
125,1.6
186,3.58
189,3.89
160,2.92
108,1.27
133,1.87
131,1.8
118,1.38
85,0.67
106,0.8
193,3.94
165,2.52
206,4.5
166,2.58
184,3.68
124,1.16
77,0.4
125,1.19
50,0.13
109,1.12
84,0.56
72,0.37
50,0.13
50,0.13
145,1.76
99,0.87
77,0.23
170,2.84
195,3.79
126,1.49
141,1.98
50,0.13
129,1.59
147,2.19
137,1.84
123,1.41
84,0.65
132,1.68
143,2.5
131,1.65
147,2.19
112,1.25
144,0.72
81,0.44
97,0.71
50,0.13
77,0.38
51,0.13
71,0.33
74,0.36
90,0.58
73,0.3
70,0.28
51,0.13
51,0.13
52,0.13
52,0.13
52,0.13
52,0.13
52,0.13
52,0.13
220,5.59
225,5.7
174,3.65
206,5.19
208,5.26
125,1.58
133,1.65
72,0.4
79,0.51
82,0.57
116,1.43
126,1.44
168,2.68
139,1.85
92,0.78
52,0.13
183,3.67
92,0.55
99,0.59
97,0.56
75,0.32
89,0.5
74,0.31
70,0.26
91,0.54
87,0.47
171,2.92
144,2.6
140,1.92
154,2.42
149,2.24
145,2.9
177,3.23
153,2.38
144,2.6
136,1.79
160,2.65
53,0.13
53,0.13
53,0.13
110,0.93
53,0.13
53,0.13
101,0.79
54,0.13
54,0.13
54,0.13
69,0.32
54,0.13
55,0.13
55,0.13
152,2.36
131,1.64
154,2.43
112,1.22
139,1.9
124,1.42
125,1.45
163,2.78
110,0.94
55,0.13
95,0.58
91,0.52
113,1.1
68,0.22
99,0.65
73,0.28
102,0.7
130,1.13
98,0.62
100,0.66
139,1.26
152,1.57
137,1.89
137,1.89
55,0.13
76,0.42
90,0.67
129,1.42
55,0.13
55,0.13
57,0.13
57,0.13
180,2.72
112,1.2
155,2.12
146,1.84
158,2.29
138,1.6
132,1.44
141,1.69
150,2.11
156,2.32
126,1.37
77,0.45
143,1.88
166,2.53
155,2.29
161,2.5
133,1.57
146,1.98
58,0.13
60,0.13
61,0.13
63,0.13
46,0.14
47,0.14
48,0.14
48,0.14
72,0.23
70,0.25
49,0.14
49,0.14
121,1.7
138,2.36
139,2.41
125,1.84
150,2.9
169,3.19
182,4.6
129,2
120,1.66
149,2.85
180,4.1
133,2.16
135,2.24
171,3.43
50,0.14
90,0.75
85,0.64
81,0.56
50,0.14
141,1.92
50,0.14
89,0.73
50,0.14
99,1.1
75,0.46
94,0.88
79,0.52
79,0.52
86,0.66
85,0.64
86,0.66
127,1.59
102,1
100,0.95
159,2.76
81,0.54
112,1.29
94,0.81
83,0.58
120,1.38
91,0.74
109,1.2
143,2.14
176,2.29
51,0.14
89,0.51
101,0.71
102,0.73
121,1.3
83,0.42
106,0.8
79,0.37
75,0.32
75,0.3
69,0.38
92,0.52
90,0.49
81,0.37
75,0.3
79,0.34
85,0.42
88,0.46
51,0.14
79,0.34
76,0.31
89,0.47
51,0.14
80,0.35
77,0.32
74,0.29
79,0.34
82,0.38
95,0.62
155,2.43
201,4.1
138,1.84
162,2.7
179,3.28
51,0.14
51,0.14
52,0.14
52,0.14
52,0.14
52,0.14
53,0.14
53,0.14
53,0.14
53,0.14
73,0.37
53,0.14
53,0.14
53,0.14
53,0.14
54,0.14
115,1.3
108,0.87
129,1.31
54,0.14
122,1.13
55,0.14
75,0.33
118,1.4
120,0.99
55,0.14
56,0.14
56,0.14
56,0.14
56,0.14
154,1.94
104,0.79
98,0.68
80,0.39
122,1.8
101,0.73
72,0.29
84,0.45
99,0.69
80,0.39
105,0.68
96,0.64
71,0.32
97,0.74
118,1.19
109,1
102,0.84
104,0.88
96,0.72
110,1.24
81,0.56
56,0.14
166,2.91
57,0.14
89,0.72
57,0.14
101,0.99
132,1.81
57,0.14
130,1.74
224,5.12
122,1.48
127,1.66
86,0.65
129,1.27
153,1.94
179,2.64
90,0.68
93,0.74
95,0.78
81,0.51
125,1.51
122,1.42
118,1.3
89,0.66
122,1.4
74,0.3
137,1.39
129,1.32
107,0.88
89,0.54
129,1.32
99,0.72
137,1.53
143,1.7
105,0.84
91,0.57
75,0.34
58,0.14
110,0.95
108,0.9
123,0.7
105,0.75
77,0.32
76,0.31
84,0.41
76,0.31
58,0.14
91,0.51
82,0.38
71,0.25
81,0.36
154,1.47
124,0.69
110,0.89
97,0.64
114,0.97
109,0.87
130,0.97
109,0.87
125,0.7
91,0.54
132,1.1
133,1.3
58,0.14
58,0.14
58,0.14
58,0.14
59,0.14
59,0.14
59,0.14
65,0.14
66,0.14
48,0.15
50,0.15
51,0.15
142,1.75
97,0.7
75,0.35
77,0.37
140,1.69
95,0.66
93,0.62
93,0.62
74,0.33
109,0.95
106,0.88
123,1.22
73,0.32
82,0.44
83,0.46
172,3.68
51,0.15
113,1.3
147,2.64
82,0.55
96,0.85
118,1.38
141,2.17
131,1.81
148,2.68
121,1.48
132,1.84
200,4.92
137,2.2
103,1.2
155,3
109,1.19
77,0.47
105,1.7
138,2.6
109,1.19
110,1.21
71,0.37
153,2.28
126,1.41
158,2.46
127,1.44
51,0.15
157,2.76
149,2.49
142,2.21
158,2.82
172,3.27
118,1.37
130,1.75
125,1.58
157,2.77
151,2.53
152,2.57
130,1.75
77,0.3
52,0.15
52,0.15
72,0.25
91,0.47
52,0.15
52,0.15
183,3.35
122,1.39
110,1.2
53,0.15
87,0.64
69,0.36
53,0.15
153,2.44
160,2.72
131,0.51
107,0.35
151,0.72
173,2.85
181,3.67
139,1.96
163,2.88
120,0.83
130,1.7
162,2.9
137,1.94
153,2.54
53,0.15
83,0.43
90,0.53
53,0.15
133,1.8
223,6.2
54,0.15
224,5.66
84,0.44
232,5.92
160,2.28
134,1.51
167,2.65
149,1.33
135,1.54
160,1.57
175,2.8
180,3.2
131,1.63
136,1.79
126,1.47
150,2.27
172,2.92
123,1.39
159,2.6
121,1.33
154,2.42
122,1.41
102,0.91
123,1.44
74,0.43
81,0.55
72,0.4
73,0.42
93,0.71
98,0.82
54,0.15
78,0.5
89,0.71
76,0.47
92,0.78
84,0.4
126,1.12
68,0.26
55,0.15
83,0.4
88,0.47
73,0.28
55,0.15
77,0.32
78,0.34
80,0.36
55,0.15
78,0.34
68,0.26
69,0.27
55,0.15
104,0.81
55,0.15
189,4.21
153,2.63
168,3.29
208,5.14
161,2.96
120,1.44
145,2.31
165,3.22
161,2.96
154,2.67
113,1.42
80,0.56
143,2.23
164,2.97
101,1.6
160,2.8
136,1.89
135,1.86
119,1.35
80,0.57
145,2.21
118,1.32
178,3.57
143,2.14
102,1.9
142,2.1
120,1.38
172,3.34
159,2.76
126,1.56
108,1.27
138,1.96
85,0.67
143,2.14
139,1.98
151,2.42
114,1.4
111,1.31
149,2.34
156,2.62
111,1.31
138,1.94
166,3.12
164,2.94
135,1.84
160,2.78
83,0.32
93,0.44
72,0.22
130,1.53
55,0.15
55,0.15
112,0.96
146,1.86
149,1.96
170,2.7
148,2.1
157,2.31
139,1.73
91,0.63
112,1.1
118,1.56
80,0.53
129,1.79
113,1.33
118,1.56
122,1.55
95,0.84
127,1.72
120,1.63
129,1.79
87,0.66
119,1.43
102,0.93
121,1.5
112,1.19
87,0.61
111,1.16
56,0.15
101,0.91
127,1.69
56,0.15
116,1.3
73,0.38
178,3.41
132,1.77
164,2.99
111,1.3
125,1.54
161,2.86
105,1.12
166,3.7
172,3.26
157,2.7
144,2.19
88,0.7
86,0.62
78,0.33
97,0.6
154,2.54
186,3.4
170,2.71
157,2.66
130,1.68
134,1.81
168,2.95
167,2.88
146,2.24
174,3.17
140,2.2
186,3.45
133,1.78
181,3.4
174,3.8
120,1.1
56,0.15
57,0.15
57,0.15
130,1.74
144,2.24
146,2.31
179,3.6
162,2.96
114,1.25
110,0.76
141,1.37
162,1.91
74,0.17
58,0.15
59,0.15
138,1.95
148,2.31
148,2.31
59,0.15
78,0.53
112,1.4
120,1.37
137,1.92
106,1.17
157,2.33
79,0.53
127,1.58
141,2.6
151,2.12
142,2.9
79,0.53
121,1.4
91,0.78
104,1.11
59,0.15
60,0.15
139,1.29
96,0.76
60,0.15
121,0.91
60,0.15
124,0.97
211,5.3
125,1.53
228,5.76
164,2.96
98,1.11
123,1.67
123,1.67
121,1.6
124,1.7
139,2.27
120,1.56
144,2.47
178,4.3
146,2.46
128,1.84
136,2.15
144,2.47
156,2.88
134,2.7
100,1.17
124,1.7
166,3.41
166,3.18
179,3.9
100,0.95
109,1.19
176,4.22
163,3.47
139,2.37
113,1.31
174,3.83
119,1.6
95,0.83
166,3.45
137,2.29
173,3.85
137,1.31
168,2.51
185,3.8
154,1.75
141,2.11
93,0.94
97,1.5
75,0.52
143,2.19
88,0.81
130,1.88
129,1.84
121,1.57
148,2.38
110,1.46
122,1.6
153,2.57
74,0.32
79,0.38
81,0.41
60,0.15
83,0.43
76,0.35
104,0.8
70,0.32
60,0.15
195,4.16
205,4.47
158,2.66
60,0.15
61,0.15
61,0.15
62,0.15
62,0.15
64,0.15
67,0.15
49,0.16
50,0.16
50,0.16
51,0.16
51,0.16
51,0.16
51,0.16
51,0.16
51,0.16
51,0.16
52,0.16
142,1.64
120,1.7
88,0.49
103,0.74
52,0.16
80,0.38
52,0.16
127,1.24
146,1.76
133,1.4
110,0.88
52,0.16
77,0.42
52,0.16
52,0.16
53,0.16
55,0.16
55,0.16
55,0.16
84,0.53
188,3.12
80,0.37
85,0.43
80,0.37
71,0.27
75,0.31
55,0.16
77,0.33
75,0.31
56,0.16
70,0.22
122,1.24
156,1.95
56,0.16
104,0.8
57,0.16
119,1.16
128,1.39
104,0.98
139,1.71
111,1.17
101,0.91
77,0.44
83,0.54
87,0.61
74,0.39
122,1.18
126,1.28
108,1.11
142,1.72
57,0.16
159,1.99
58,0.16
125,1.25
116,1.34
75,0.42
58,0.16
58,0.16
59,0.16
59,0.16
59,0.16
59,0.16
60,0.16
60,0.16
60,0.16
80,0.4
60,0.16
60,0.16
81,0.55
99,0.44
97,0.42
107,0.54
60,0.16
61,0.16
74,0.43
75,0.45
83,0.27
132,1.74
62,0.16
63,0.16
63,0.16
117,1.15
156,2.61
120,1.36
164,2.93
116,1.12
63,0.16
118,1.3
145,2.19
168,2.96
157,2.65
119,1.33
174,3.6
143,2.12
48,0.17
179,4.93
189,5.37
192,5.78
179,4.99
174,4.69
195,5.84
143,3.4
196,5.12
218,6.98
139,2.83
171,4.28
200,6.23
154,3.63
219,7.44
119,1.44
175,3.3
202,4.1
139,2.13
133,1.91
171,3.5
177,3.73
188,4.8
149,2.52
145,2.36
49,0.17
185,3.65
130,0.88
171,3.71
49,0.17
50,0.17
141,1.9
117,1.63
128,1.76
110,1.39
137,2.8
127,1.72
158,2.94
135,2.1
117,1.63
122,1.55
129,1.79
194,4.27
180,3.73
144,2.35
118,1.43
153,2.72
115,1.56
140,2.2
133,1.93
120,1.49
50,0.17
92,0.56
115,1
88,0.49
102,0.73
125,1.46
119,1.28
120,1.31
146,2.14
118,1.27
142,2.16
163,3
157,2.75
169,3.39
183,3.68
170,3.42
129,1.7
147,2.35
135,1.91
129,1.7
118,1.36
166,3.32
50,0.17
51,0.17
51,0.17
52,0.17
52,0.17
52,0.17
52,0.17
53,0.17
53,0.17
53,0.17
53,0.17
53,0.17
53,0.17
53,0.17
54,0.17
55,0.17
55,0.17
55,0.17
55,0.17
55,0.17
138,2.2
153,2.48
134,1.87
87,0.67
88,0.69
94,0.82
131,1.77
133,1.84
79,0.51
105,1.1
79,0.51
72,0.4
74,0.43
134,1.87
116,1.43
100,0.97
94,0.82
128,1.41
90,0.35
91,0.36
74,0.26
135,1.3
90,0.62
55,0.17
70,0.35
76,0.39
98,0.74
94,0.66
84,0.52
74,0.36
80,0.38
55,0.17
56,0.17
56,0.17
78,0.36
56,0.17
57,0.17
136,1.87
191,3.53
122,1.51
57,0.17
57,0.17
57,0.17
57,0.17
57,0.17
91,0.59
58,0.17
58,0.17
84,0.47
58,0.17
97,0.78
96,0.84
109,1.6
79,0.5
96,0.84
110,1.9
103,0.91
119,1.42
90,0.71
118,1.19
59,0.17
142,2.9
166,3.5
138,1.72
237,5.51
139,1.75
148,1.99
209,4.1
125,1.52
135,1.85
118,1.31
117,1.43
119,1.34
108,1.16
120,1.37
88,0.67
132,1.75
82,0.56
105,1.8
164,3.1
142,2.9
164,3.1
101,0.97
128,1.62
164,3.1
145,2.2
129,1.65
130,1.68
59,0.17
60,0.17
60,0.17
60,0.17
60,0.17
61,0.17
61,0.17
84,0.26
61,0.17
61,0.17
61,0.17
80,0.23
62,0.17
73,0.18
74,0.19
79,0.22
88,0.48
84,0.26
62,0.17
75,0.19
62,0.17
63,0.17
200,4.28
149,2.42
63,0.17
130,1.73
140,2.8
163,2.99
86,0.46
235,5.9
185,3.77
152,2.54
166,2.72
143,1.75
131,1.57
145,1.81
66,0.17
122,1.31
135,1.69
49,0.18
50,0.18
180,4.56
279,8.65
160,3.35
204,5.59
231,6.95
234,6.57
293,9.51
198,4.91
172,3.73
193,4.92
255,7.89
243,7.25
191,4.14
167,3.22
131,1.55
181,3.51
136,1.7
123,1.32
119,1.21
135,1.67
51,0.18
52,0.18
52,0.18
72,0.39
114,1.25
77,0.47
85,0.61
119,1.4
124,1.43
53,0.18
54,0.18
54,0.18
141,1.93
97,0.82
128,1.55
173,2.96
177,3.7
88,0.63
55,0.18
151,2.28
120,1.8
96,0.61
86,0.47
88,0.5
87,0.49
88,0.5
124,1.17
55,0.18
166,2.91
119,1.28
157,2.55
153,2.4
56,0.18
56,0.18
75,0.26
57,0.18
57,0.18
57,0.18
70,0.21
123,1.58
148,2.46
163,3.9
156,2.79
141,2.23
142,2.27
118,1.42
122,1.55
144,2.35
135,2
135,2
155,2.75
139,2.16
123,1.58
128,1.75
129,1.79
153,2.19
57,0.18
81,0.38
82,0.45
78,0.34
68,0.23
81,0.38
80,0.36
89,0.56
77,0.33
78,0.34
80,0.36
57,0.18
91,0.59
98,0.72
173,3.48
119,1.44
130,1.8
123,1.56
130,1.8
142,1.89
129,1.76
132,1.87
111,1.2
98,0.73
95,0.67
103,0.83
99,0.75
96,0.69
76,0.37
100,0.77
84,0.48
116,1.4
107,0.84
76,0.37
103,0.83
101,0.98
137,2.11
58,0.18
111,1.26
114,1.35
163,3.2
143,2.35
58,0.18
131,1.94
128,1.83
124,1.69
101,0.98
117,1.45
117,1.45
118,1.49
86,0.64
122,1.62
107,1.15
130,1.9
168,2.64
120,1.26
120,1.26
148,2.13
140,1.86
130,1.54
152,2.27
97,1.17
130,1.74
76,0.6
86,0.85
112,1.71
125,1.61
75,0.58
71,0.5
130,1.74
84,0.79
122,1.52
120,1.45
134,1.87
125,1.61
120,1.45
58,0.18
72,0.48
71,0.46
58,0.18
58,0.18
86,0.66
59,0.18
60,0.18
117,1.2
60,0.18
61,0.18
63,0.18
73,0.27
100,0.63
104,0.69
63,0.18
77,0.31
114,0.88
65,0.18
65,0.18
69,0.29
66,0.18
47,0.19
202,4.74
176,3.77
178,4.6
169,3.59
209,5.68
196,4.95
204,5.2
123,1.55
175,2.6
123,1.55
132,1.85
130,1.78
126,1.65
131,1.82
143,2.12
123,1.74
75,0.38
74,0.37
84,0.52
155,2.58
131,2.4
77,0.41
135,2.2
136,2.24
138,2.32
138,1.95
139,1.99
52,0.19
128,1.4
107,0.8
102,0.7
121,1.22
93,0.55
113,0.92
68,0.31
120,1.19
113,0.92
112,0.9
120,1.19
112,0.9
128,1.39
163,2.51
93,0.8
120,1.18
97,0.89
97,0.89
52,0.19
54,0.19
54,0.19
193,3.49
54,0.19
132,1.59
127,1.44
128,1.47
104,0.91
92,0.66
76,0.39
124,1.59
141,2.19
148,2.38
136,2
143,2.27
160,2.86
160,2.86
163,2.99
54,0.19
142,1.98
54,0.19
55,0.19
55,0.19
55,0.19
55,0.19
55,0.19
55,0.19
56,0.19
56,0.19
122,1.49
136,1.96
139,2.7
109,1.15
177,2.53
181,3.46
120,1.43
173,1.5
144,2.25
166,2.93
188,3.77
95,0.8
74,0.4
136,1.33
129,1.17
129,1.17
143,1.51
170,3
143,1.51
101,0.93
172,3.1
86,0.61
122,1.1
177,3.27
157,1.89
167,2.88
102,0.93
136,1.45
142,1.61
109,1.11
85,0.57
102,0.93
156,2.2
144,1.67
79,0.47
139,1.53
83,0.53
92,0.7
91,0.68
119,1.3
126,1.2
110,1.13
97,0.81
112,1.19
147,1.76
88,0.62
84,0.55
82,0.52
93,0.73
96,0.79
89,0.64
80,0.48
80,0.48
113,1.22
100,0.88
79,0.47
127,1.22
72,0.36
110,1.13
129,1.27
115,1.3
130,1.37
56,0.19
122,1.12
93,0.59
123,1.19
121,1.9
118,1.2
104,0.79
73,0.3
74,0.32
56,0.19
56,0.19
57,0.19
57,0.19
103,0.93
103,0.93
58,0.19
102,0.9
87,0.59
122,1.48
97,0.79
142,2.16
148,2.39
59,0.19
79,0.31
140,1.68
144,1.8
119,1.12
122,1.19
119,1.12
154,2.9
151,1.99
145,1.83
140,1.68
150,1.96
121,1.17
121,1.17
149,1.96
128,1.35
59,0.19
59,0.19
140,1.92
141,1.85
59,0.19
129,1.48
154,2.29
124,1.34
120,1.23
60,0.19
60,0.19
60,0.19
60,0.19
60,0.19
151,2.41
152,2.44
133,1.76
162,2.88
156,2.6
127,1.57
125,1.51
137,1.9
141,2.4
156,2.6
136,1.86
137,1.9
134,1.8
129,1.63
137,1.71
169,2.65
169,2.8
122,1.28
170,2.96
146,2
153,2.24
125,1.36
185,3.51
114,1.26
164,2.63
155,2.31
162,2.56
157,2.59
226,5.18
185,3.9
145,2.14
157,2.59
102,1.55
80,0.81
61,0.19
165,3.56
136,2.12
132,1.96
127,1.78
150,2.69
184,4.3
61,0.19
61,0.19
62,0.19
62,0.19
62,0.19
62,0.19
172,3.53
93,0.8
121,1.49
91,0.75
85,0.63
62,0.19
63,0.19
63,0.19
86,0.65
99,0.95
63,0.19
125,1.62
126,1.65
64,0.19
75,0.45
101,1
64,0.19
175,3.4
123,1.79
154,3.12
143,2.61
171,3.22
146,2.75
157,3.27
158,3.31
192,4.42
134,2.22
168,3.58
183,4.3
122,1.75
122,1.75
73,0.3
88,0.65
124,1.64
68,0.38
121,1.52
105,1.4
91,0.71
120,1.48
128,1.78
115,1.32
101,0.93
75,0.42
135,2.3
135,2.3
133,1.83
64,0.19
144,2.23
119,1.38
144,2.23
111,1.2
134,1.87
105,1.3
120,0.88
140,1.58
87,0.47
87,0.47
106,0.8
138,1.52
127,1.2
123,0.94
120,0.88
133,1.15
118,0.85
132,1.13
90,0.52
110,0.88
97,0.96
113,1.43
130,1.84
121,1.53
132,1.91
156,2.91
129,1.8
85,0.67
133,1.97
74,0.46
136,2.9
65,0.19
77,0.3
67,0.19
70,0.24
82,0.35
76,0.29
67,0.19
123,1.35
156,2.49
108,1.12
138,1.81
126,1.44
97,0.84
93,0.75
178,3.11
146,2.7
130,1.56
165,2.59
94,0.77
146,2.7
74,0.31
75,0.35
103,0.79
72,0.32
92,0.62
83,0.47
78,0.39
93,0.67
139,1.87
111,1.7
127,1.49
115,1.18
131,1.62
123,1.45
151,2.29
121,1.39
112,1.1
119,1.33
119,1.33
99,0.75
109,0.83
78,0.4
96,0.69
106,0.77
87,0.53
95,0.68
109,0.83
160,2.4
169,2.74
142,1.8
125,1.25
130,1.38
140,1.75
102,0.94
120,1.12
127,1.3
127,1.3
122,1.17
128,1.32
131,1.4
112,1.2
129,1.35
132,1.43
135,1.51
131,1.4
113,1.22
123,1.2
133,1.46
85,0.59
266,10.3
209,6.47
112,1.23
154,3.16
304,12.73
262,9.6
84,0.57
168,3.86
195,5.71
262,9.97
118,1.63
230,7.95
77,0.32
75,0.3
80,0.36
76,0.31
98,0.55
88,0.51
71,0.33
75,0.33
72,0.34
73,0.35
113,0.98
72,0.34
96,0.64
74,0.37
78,0.36
127,1.41
169,2.69
130,1.5
77,0.31
156,2.17
150,1.98
193,3.49
116,0.86
113,0.8
93,0.48
166,2.8
197,4.24
116,1.37
126,1.66
130,1.79
144,2.31
161,2.86
119,1.43
146,2.39
141,2.19
132,1.86
145,2.35
172,3.28
166,3.6
158,2.7
118,1.24
142,1.83
99,0.85
104,0.97
122,1.35
142,1.83
176,3.11
136,1.77
148,2.2
118,1.24
130,1.58
131,1.61
120,1.29
113,1.21
132,1.64
156,2.29
133,1.51
93,0.67
93,0.67
80,0.46
77,0.42
86,0.55
99,0.8
85,0.55
260,7.23
157,2.26
151,2.6
118,1.12
153,2.13
104,0.92
187,3.21
149,2
134,1.54
144,1.84
151,2.6
136,1.6
140,1.72
163,2.29
138,1.66
196,3.47
160,2.19
126,1.32
155,2.2
130,1.65
77,0.38
176,3.18
142,1.79
119,1.15
90,0.61
88,0.57
105,0.77
106,0.79
89,0.59
109,0.85
95,0.7
81,0.45
84,0.5
164,2.47
185,3.39
140,1.69
177,2.87
157,2.23
170,2.63
143,1.78
185,3.8
183,3.15
160,2.33
124,1.8
185,3.86
99,0.89
197,4.49
147,2.75
121,1.69
139,2.4
123,1.76
166,3.21
113,1.26
119,1.62
86,0.61
130,2.3
106,1.6
141,2.49
168,3.4
185,4.3
89,0.57
71,0.31
71,0.31
78,0.4
81,0.44
91,0.57
180,4.67
214,6.88
219,6.9
201,5.35
240,7.59
212,5.6
146,2.61
162,3.35
127,1.85
80,0.42
91,0.6
213,5.85
205,5.49
182,4.57
197,5.47
169,3.7
188,4.89
166,2.75
151,2.42
171,2.89
173,3.44
140,1.83
141,1.87
152,2.26
135,1.68
176,3.31
151,2.2
141,1.87
150,2.19
160,2.52
176,3.17
164,2.69
145,2
180,3.1
78,0.25
73,0.21
70,0.22
122,0.82
149,1.93
163,2.69
150,1.94
131,1.41
142,1.7
153,2.3
120,1.13
152,2.2
114,1.1
124,1.27
114,1.11
80,0.43
105,0.89
123,1.25
119,1.15
131,1.44
118,1.12
143,2.61
157,3.27
171,3.76
130,2.5
174,3.88
170,3.64
183,4.51
165,3.44
203,6.1
142,1.75
131,1.82
172,3.63
166,3.35
190,4.42
172,3.58
161,3.1
187,4.24
107,0.83
89,0.5
75,0.32
112,1.2
138,2.67
168,2.22
159,3.8
168,3.77
139,2.72
74,0.53
123,2.2
137,2.63
192,5.11
140,2.8
121,1.94
146,3.6
123,2.3
96,1.8
101,1.22
80,0.66
183,4.43
158,3.7
193,5.15
133,2.47
163,4.3
169,3.81
116,1.77
167,4.1
177,4.26
139,2.73
84,0.74
132,2.42
138,1.58
164,2.39
80,0.24
91,0.35
71,0.24
76,0.21
68,0.23
75,0.28
81,0.25
75,0.28
76,0.5
91,0.58
77,0.42
96,0.67
84,0.52
69,0.34
96,0.67
68,0.33
76,0.4
135,1.42
139,1.49
134,1.39
136,1.46
104,0.73
131,1.33
105,0.75
133,1.37
118,0.67
152,2.2
103,0.84
109,0.99
155,2.1
172,2.4
127,1.13
84,0.34
156,2.7
142,1.66
89,0.4
78,0.54
71,0.4
76,0.49
123,1.41
74,0.46
120,1.3
99,1.2
184,4.6
75,0.32
93,0.57
77,0.34
72,0.28
107,0.83
116,1.41
74,0.41
89,0.7
70,0.37
75,0.43
72,0.37
119,1.1
77,0.34
100,0.65
77,0.39
110,0.83
102,0.68
76,0.37
88,0.55
91,0.61
71,0.31
95,0.68
96,0.71
72,0.33
106,0.93
204,4.15
140,1.98
170,2.97
203,4.2
172,3.1
124,1.46
128,1.57
128,1.57
143,2.9
114,1.33
129,1.61
141,2
122,1.31
78,0.45
89,0.63
125,1.38
105,0.99
79,0.47
81,0.49
99,0.86
96,0.77
106,1.1
119,1.28
120,1.29
69,0.4
116,1.29
92,0.7
76,0.42
97,0.79
125,1.39
142,1.86
121,1.28
122,1.31
78,0.49
118,1.18
135,1.66
158,2.44
93,0.78
143,1.91
113,1.31
88,0.69
87,0.66
77,0.47
104,1.6
121,1.26
140,1.83
138,1.75
138,1.75
89,0.71
185,4.31
172,3.93
185,4.41
184,4.37
102,1.13
154,3.28
132,2.24
153,3.2
159,3.53
150,3.8
141,2.64
137,2.3
158,2.89
132,1.85
201,4.8
206,5.3
208,4.82
215,5.47
154,2.7
126,1.65
70,0.37
109,1.6
132,1.5
128,1.41
98,0.8
110,1.9
133,1.55
111,1.14
107,1.2
94,0.73
127,1.46
124,1.37
122,1.33
120,1.27
88,0.6
120,1.26
127,1.47
124,1.39
149,2.5
89,0.57
69,0.34
68,0.33
77,0.38
85,0.5
105,0.59
78,0.47
160,2.41
134,1.55
138,1.68
169,2.79
159,2.37
161,2.44
194,4.56
149,2.65
202,5.2
132,1.98
150,2.69
161,3.17
142,1.96
124,1.39
129,1.52
143,1.97
76,0.44
82,0.54
112,1.15
100,0.84
116,1.25
76,0.41
71,0.34
78,0.43
192,3.78
178,3.35
191,3.98
200,4.38
182,3.3
89,0.57
68,0.37
90,0.59
82,0.45
85,0.5
97,0.71
75,0.35
84,0.49
100,0.86
95,0.68
95,0.68
92,0.63
117,1.31
71,0.3
74,0.35
86,0.52
128,1.58
108,1.12
140,2.14
136,1.99
116,1.36
138,2.8
128,1.59
138,2.5
124,1.46
128,1.59
123,1.44
121,1.39
127,1.57
127,1.58
103,0.96
103,0.96
121,1.28
118,1.2
219,6.4
195,4.92
99,0.87
254,8.26
221,6.16
192,4.3
214,4.99
70,0.38
77,0.44
81,0.51
84,0.51
83,0.54
85,0.52
72,0.37
83,0.55
73,0.38
69,0.37
85,0.52
113,1.29
125,1.39
137,1.73
90,0.69
124,1.36
118,1.18
183,3.19
183,3.45
121,1.27
124,1.34
138,1.76
131,1.54
124,1.36
120,1.23
144,1.96
136,1.7
91,0.73
109,1.17
123,1.33
70,0.31
155,2.55
172,3.34
148,2.31
132,1.73
138,1.93
120,1.37
121,1.14
109,0.99
129,1.71
91,0.89
125,1.56
140,1.92
147,2.15
131,1.77
78,0.59
124,1.53
144,2.4
104,1.27
93,0.93
90,0.85
108,1.41
99,1.1
165,3.26
169,3.39
135,2.1
159,3.7
140,2.26
158,3.4
147,2.57
151,2.73
143,2.39
142,2.37
132,1.96
121,1.58
156,2.97
160,3.12
168,3.29
141,2.34
90,0.74
120,1.55
146,2.5
107,1.2
126,1.76
111,1.31
127,1.79
196,3.63
172,3.57
166,3.13
186,3.56
116,1.47
199,3.76
164,3.31
145,2.48
134,2.5
130,1.89
141,2.33
151,2.75
154,2.89
125,1.57
121,1.45
105,1.14
124,1.63
118,1.43
153,2.64
80,0.56
107,1.21
72,0.41
110,1.3
140,2.12
125,1.64
79,0.53
118,1.44
91,0.79
104,1.12
134,1.89
120,1.49
108,1.25
92,0.82
105,1.16
122,1.54
108,1.23
97,0.94
128,1.77
110,1.32
118,1.43
93,0.83
105,1.16
92,0.81
74,0.44
94,0.69
71,0.33
135,1.81
119,1.32
101,0.95
137,1.88
143,2.5
107,1.1
151,2.34
80,0.26
71,0.25
74,0.28
80,0.26
70,0.23
72,0.26
115,1.24
71,0.37
92,0.75
74,0.41
85,0.61
120,1.32
92,0.76
74,0.41
86,0.63
90,0.72
70,0.41
77,0.46
100,0.94
86,0.62
86,0.63
90,0.71
79,0.49
71,0.38
111,1.12
78,0.48
91,0.74
87,0.69
157,2.38
144,2.6
137,1.83
142,2
98,0.96
140,1.94
74,0.45
80,0.56
126,1.49
149,2.9
96,0.91
123,1.41
70,0.3
238,6.18
164,2.41
117,1.34
118,1.4
149,1.86
89,0.65
76,0.43
98,0.85
128,1.28
127,1.25
114,1.24
101,0.91
119,1.1
141,1.56
131,1.3
160,2.98
79,0.53
76,0.47
125,1.63
119,1.42
140,2.15
68,0.24
80,0.34
147,1.53
91,0.47
120,1.2
71,0.19
83,0.42
75,0.32
135,1.5
156,2.14
168,2.43
134,1.84
151,2.26
148,2.17
132,1.77
132,1.75
130,1.69
101,0.94
128,1.63
129,1.66
121,1.4
147,2.13
131,1.73
150,2.24
131,1.73
127,1.6
198,4.85
199,4.46
75,0.21
71,0.18
90,0.35
79,0.24
132,1.8
182,3.79
75,0.28
129,1.69
96,0.55
116,0.92
141,1.68
85,0.38
127,1.65
121,1.48
121,1.46
101,1.12
205,4.34
131,1.81
167,3.8
87,0.57
69,0.34
77,0.41
87,0.57
77,0.42
95,0.72
81,0.48
73,0.36
89,0.62
90,0.64
86,0.56
109,1.2
72,0.35
82,0.5
82,0.49
82,0.5
125,1.42
74,0.27
100,0.97
217,6.61
248,9.8
196,5.27
176,4.12
211,6.43
247,8.78
250,8.16
221,6.88
225,6.76
123,1.53
260,9.47
171,3.87
77,0.43
158,2.95
90,0.66
131,1.88
144,2.35
68,0.36
121,1.52
135,2.3
90,0.67
107,1.6
199,3.73
228,4.78
82,0.37
149,2.32
89,0.46
187,3.86
119,1.33
96,0.58
124,1.49
99,0.63
202,3.86
89,0.47
169,2.83
193,4.35
147,2.28
185,3.46
132,1.74
164,2.96
127,1.6
85,0.51
99,0.8
82,0.46
80,0.43
89,0.57
84,0.48
123,1.29
161,3.16
169,3.47
189,4.14
154,2.82
164,3.3
174,3.57
168,3.56
178,3.96
126,1.73
177,3.93
184,3.97
125,1.54
119,1.34
135,1.85
130,1.72
121,1.42
150,2.4
130,1.72
124,1.53
138,1.95
110,1.21
125,1.56
147,2.3
128,1.64
117,1.44
148,2.27
136,1.84
100,0.95
132,1.73
128,1.58
133,1.76
111,1.23
110,1.2
121,1.61
126,1.8
76,0.5
129,1.9
85,0.69
118,1.49
93,0.87
133,2.5
154,2
115,1.51
86,0.7
104,1.16
79,0.56
157,2.82
123,1.55
132,1.83
159,2.77
131,1.72
124,1.56
170,3.38
153,2.6
125,1.59
168,3.39
137,1.94
153,2.52
125,1.55
85,0.49
129,1.53
78,0.39
157,2.45
116,1.12
163,3.31
153,2.81
121,1.57
141,2.33
153,2.82
164,3.33
174,4.5
153,2.85
149,2.66
170,3.6
147,2.58
170,3.61
126,1.74
148,2.6
140,2.27
146,2.53
128,1.81
168,3.4
72,0.3
194,3.82
119,1.3
116,1.61
152,2.36
85,0.7
78,0.55
119,1.29
180,3.29
121,1.36
125,1.47
127,1.54
127,1.53
192,3.91
106,1.25
124,1.45
133,1.71
107,1.3
153,2.41
151,2.34
69,0.28
94,0.62
79,0.51
72,0.37
68,0.3
101,0.83
97,0.73
85,0.58
71,0.36
81,0.51
86,0.6
71,0.36
72,0.33
75,0.37
92,0.66
105,0.93
68,0.45
83,0.49
102,0.86
104,0.9
119,1.11
98,0.77
84,0.52
73,0.26
75,0.28
105,0.69
125,1.4
161,2.6
103,0.88
151,2.23
154,2.33
146,2.6
98,0.76
135,1.69
147,2.8
77,0.56
167,3.18
197,4.49
175,3.58
81,0.65
91,0.9
102,1.21
128,1.81
265,9.26
156,3.62
236,7.96
126,2.14
212,6.55
190,5.46
297,12.7
313,13.5
171,2.93
142,2.18
117,1.25
120,1.41
154,2.64
141,2.12
132,1.81
119,1.38
188,3.78
76,0.41
69,0.41
75,0.4
77,0.42
73,0.37
74,0.38
71,0.34
94,0.69
90,0.65
93,0.71
99,0.78
101,0.83
72,0.35
94,0.68
74,0.39
113,1.11
90,0.55
121,1.11
70,0.35
106,0.86
88,0.52
106,0.85
123,1.14
77,0.35
94,0.62
97,0.67
104,0.8
138,1.61
149,1.92
119,1.1
122,1.17
124,1.23
90,0.79
90,0.78
98,1
81,0.6
76,0.5
80,0.58
125,1.47
77,0.52
114,1.5
118,1.46
93,0.86
116,1.56
140,2.24
140,2.23
68,0.24
115,1.5
125,1.68
160,3.8
83,0.62
85,0.68
136,2.8
104,1.16
117,1.11
80,0.49
75,0.4
101,0.74
70,0.31
107,0.88
81,0.5
100,0.73
94,0.75
70,0.26
74,0.37
142,2.29
183,3.73
147,2.49
133,1.97
151,2.68
134,1.97
160,3.8
180,3.64
159,3.3
149,2.59
138,2.15
91,0.53
120,1.14
106,0.8
88,0.49
81,0.39
91,0.53
78,0.35
99,0.66
69,0.26
102,0.72
72,0.28
89,0.51
113,0.86
73,0.29
86,0.45
75,0.31
87,0.47
133,1.58
79,0.39
169,3.16
148,2.4
161,2.66
81,0.55
73,0.42
129,1.55
154,2.33
75,0.42
123,1.34
101,0.85
85,0.56
133,1.72
82,0.52
116,1.24
129,1.58
136,1.94
173,3.14
185,4.9
167,3.41
150,2.46
172,3.31
137,1.89
69,0.24
214,5.5
148,2.3
169,3.32
163,3.3
126,1.44
118,1.2
157,2.47
156,2.74
165,3.25
141,2.11
118,1.36
121,1.46
160,2.88
127,1.65
177,4
152,2.57
138,2.2
142,2.17
134,1.86
189,3.78
133,1.79
155,2.58
174,3.31
169,3.14
164,2.94
145,2.22
130,0.98
111,0.78
127,0.93
124,0.87
128,0.95
119,0.79
130,1.52
95,0.75
143,1.95
118,1.19
137,1.75
103,0.93
180,2.88
86,0.57
134,1.63
92,0.68
181,2.85
84,0.53
119,1.2
83,0.61
146,2.21
76,0.48
209,4.6
70,0.19
179,3.17
144,2.13
73,0.37
75,0.4
90,0.66
74,0.39
73,0.37
88,0.62
118,1.44
121,1.53
137,2.13
180,3.63
156,2.55
155,2.5
134,1.75
130,1.47
145,1.9
166,2.75
183,3.31
165,2.71
164,2.56
137,1.64
168,2.74
182,3.23
127,1.49
181,3.14
97,0.79
97,0.8
122,1.37
82,0.51
186,3.75
151,2.41
197,4.37
140,2
213,4.83
152,2.23
74,0.43
203,4.99
144,1.97
132,1.76
128,1.63
127,1.6
132,1.77
129,1.65
137,1.91
127,1.58
94,0.61
69,0.23
71,0.28
103,0.76
140,1.61
142,1.7
135,1.48
152,1.98
105,0.81
152,2.76
78,0.6
116,1.74
138,2.12
126,1.68
97,1.8
126,1.68
98,1.12
90,0.9
146,2.42
90,0.89
75,0.54
150,2.7
74,0.53
120,1.49
113,0.7
84,0.34
74,0.24
89,0.5
73,0.23
73,0.23
81,0.31
83,0.32
79,0.28
70,0.31
84,0.34
74,0.24
81,0.31
88,0.38
84,0.33
91,0.52
93,0.56
88,0.38
76,0.26
80,0.44
85,0.53
98,0.76
74,0.36
172,3.11
73,0.31
72,0.29
75,0.32
71,0.28
71,0.28
78,0.37
115,1.34
116,1.37
100,0.91
121,1.57
73,0.39
74,0.42
108,1.15
78,0.32
95,0.63
84,0.46
127,1.62
76,0.34
82,0.42
120,1.4
76,0.34
91,0.57
71,0.33
68,0.27
75,0.43
79,0.35
106,0.56
81,0.38
92,0.53
93,0.54
104,0.54
80,0.37
95,0.58
84,0.41
81,0.37
82,0.63
125,1.59
121,1.46
125,1.6
118,1.39
109,1.32
82,0.61
123,1.56
149,2.2
120,1.45
151,1.92
141,1.91
100,0.78
77,0.42
97,0.73
103,0.85
90,0.65
96,0.77
90,0.64
71,0.34
109,1.7
106,0.99
103,0.91
73,0.37
71,0.34
82,0.5
140,1.96
118,1.28
116,1.61
91,0.85
128,1.59
94,0.53
70,0.32
121,1.55
73,0.35
85,0.55
91,0.5
80,0.46
101,0.66
88,0.6
87,0.4
86,0.39
74,0.35
83,0.56
110,1.19
108,1.13
94,0.78
69,0.39
75,0.46
124,1.47
141,2.12
146,2.33
152,2.41
132,1.81
246,4.14
142,2.18
142,2.18
153,2.44
125,1.56
143,2.19
121,1.44
132,1.8
141,2.14
88,0.53
109,0.92
72,0.31
118,1.1
125,1.17
91,0.57
89,0.55
98,0.71
88,0.52
123,1.13
96,0.67
96,0.66
80,0.4
84,0.46
140,2.6
127,1.6
119,1.36
140,2.6
123,1.47
149,2.71
162,3.28
117,1.28
95,0.75
130,1.71
140,2.6
114,1.2
120,1.39
102,0.89
144,2.49
154,2.93
132,1.79
137,2.3
95,0.84
118,1.39
112,1.29
83,0.57
93,0.8
172,3.38
122,1.51
128,1.41
84,0.61
129,1.43
79,0.51
107,1
69,0.35
72,0.27
134,1.93
119,1.41
112,0.88
177,3.56
157,3.14
164,3.48
173,3.56
168,3.61
176,3.57
168,3.66
144,2.56
185,3.99
160,3.29
122,1.67
161,3.26
134,2.15
78,0.55
106,1.26
114,1.53
158,3.11
110,1.37
144,2.55
155,3.1
99,1.6
108,1.32
162,3.3
127,1.87
150,2.8
153,2.88
147,2.68
128,1.44
69,0.33
118,1.16
105,1.9
95,0.84
88,0.67
87,0.67
79,0.51
82,0.55
128,1.44
72,0.4
97,0.87
155,2.27
83,0.25
158,2.49
149,2.16
81,0.55
101,1.2
165,2.81
188,3.58
129,1.51
123,1.33
140,1.85
152,2.26
77,0.24
85,0.31
77,0.23
70,0.23
93,0.39
195,3.9
134,1.43
119,1.58
68,0.4
118,1.56
138,2.26
89,0.77
127,1.89
87,0.72
112,1.42
127,1.89
148,2.71
133,2.6
79,0.57
81,0.59
124,1.48
139,1.98
154,2.49
159,2.7
138,1.9
142,2.4
131,1.68
172,3.4
155,2.53
142,2.4
141,2.2
114,1.26
138,1.93
145,1.93
169,2.64
145,2.3
129,1.78
137,2.5
97,0.91
130,1.79
124,1.59
144,2.21
130,1.8
110,1.28
165,2.91
115,1.42
117,1.48
126,1.65
131,1.85
129,1.76
122,1.52
118,1.41
123,1.55
120,1.48
137,2.6
124,1.6
79,0.52
114,1.41
154,2.67
95,0.82
160,2.15
79,0.51
161,2.18
139,1.72
142,1.79
118,1.12
123,1.25
129,1.72
144,2.26
141,2.12
128,1.67
125,1.58
136,1.93
97,0.9
147,2.35
167,2.9
125,1.57
159,2.85
179,3.72
166,3.23
159,2.83
114,1.11
124,1.63
126,1.71
182,4.26
140,2.21
130,1.84
123,1.59
145,2.4
96,0.8
79,0.47
145,2.41
120,1.5
145,2.4
136,2.7
192,4.54
152,2.81
87,0.63
77,0.45
140,2.3
154,2.71
121,1.41
145,2.34
140,2.2
136,1.89
112,1.7
154,2.69
94,0.67
140,2.2
132,1.76
144,2.3
120,1.38
118,1.31
130,1.66
128,1.6
126,1.54
166,2.74
183,3.39
111,0.79
71,0.24
133,1.62
121,1.26
93,0.49
95,0.52
99,0.59
122,1.31
80,0.32
174,3.17
103,0.65
75,0.28
133,1.61
187,3.62
108,0.73
129,1.49
106,0.7
150,2.17
157,2.62
85,0.53
81,0.5
85,0.51
81,0.5
84,0.51
85,0.53
85,0.53
120,1.34
156,2.26
82,0.53
91,0.71
119,1.31
120,1.34
93,0.76
74,0.4
136,1.83
90,0.7
123,1.41
119,1.31
125,1.48
93,0.75
128,1.55
107,1.9
124,1.45
95,0.81
82,0.47
210,5.37
130,1.72
161,2.9
212,5.9
198,4.22
208,4.46
252,6.24
188,3.95
104,1.14
174,3.45
137,1.97
114,1.48
154,2.61
125,1.55
148,2.39
148,1.93
165,2.64
137,1.88
169,2.5
138,1.91
85,0.58
106,1.5
119,1.23
102,0.95
140,1.85
140,1.84
120,1.24
148,2.12
144,1.96
118,1.19
125,1.38
139,1.81
107,1.7
122,1.29
85,0.58
146,2.3
128,1.49
84,0.56
133,1.61
127,1.44
87,0.63
149,2.13
121,1.27
131,1.56
118,1.19
81,0.51
105,1.2
162,2.62
130,1.52
125,1.38
106,1.4
151,2.23
173,3.21
124,1.31
136,1.66
179,3.22
79,0.34
86,0.43
158,2.32
127,1.35
178,4.13
170,3.49
183,4.45
156,2.76
201,4.82
166,3.34
147,2.41
156,2.78
211,5.49
211,5.46
146,2.23
142,2.6
180,3.73
152,2.46
155,2.57
149,2.34
139,1.96
131,1.71
221,6.24
129,2.13
186,4.79
126,2.2
158,3.51
185,4.38
164,3.81
142,2.75
180,4.44
173,4.17
129,2.15
253,8.99
184,4.53
131,2.22
218,6.65
200,4.6
168,3.71
129,2.13
89,0.34
133,2
172,3.33
143,2.41
87,0.76
135,2.7
109,1.37
116,1.61
146,2.55
141,2.33
237,6.92
161,2.4
141,1.94
124,1.4
123,1.36
105,1.3
121,1.33
75,0.38
101,0.82
81,0.46
83,0.49
94,0.69
72,0.34
130,0.91
114,1.13
129,1.51
104,0.98
127,1.44
127,1.44
109,1.12
145,2.21
119,1.22
135,1.83
149,2.5
106,1.13
123,1.53
128,1.7
149,2.51
124,1.57
125,1.6
131,1.8
128,1.72
115,1.41
98,0.91
149,2.48
126,1.62
143,2.26
179,3.42
122,1.52
135,1.96
88,0.44
170,2.83
137,1.6
215,4.41
189,3.32
129,1.43
133,1.55
154,2.22
135,1.61
131,1.5
134,1.59
137,1.67
129,1.42
208,3.77
173,2.67
184,3.3
149,2.5
185,3.6
103,0.6
109,0.71
79,0.53
78,0.52
145,2.57
147,2.65
94,0.85
118,1.53
97,0.92
140,2.34
138,2.27
74,0.45
131,1.21
126,1.1
134,1.3
100,1
128,1.16
136,1.79
120,0.97
87,0.71
121,0.99
86,0.69
149,2.25
135,1.32
119,1.43
147,2.46
162,3.8
114,1.48
138,2.1
92,0.84
123,1.58
122,1.54
124,1.62
122,1.54
122,1.53
112,1.42
125,1.65
155,2.76
128,1.75
137,2.7
124,1.61
138,2.8
142,2.25
172,3.25
171,3.41
101,1.9
178,3.58
182,4.1
172,3.49
138,2.45
176,3.66
146,2.84
197,4.49
160,3.48
196,4.27
146,2.81
119,1.8
96,0.92
176,3.52
100,1.3
155,2.57
116,1.53
183,3.91
122,1.51
124,1.59
112,1.39
142,2.25
150,2.37
131,1.84
120,1.45
99,1.1
142,2.24
160,2.78
76,0.28
70,0.25
77,0.29
79,0.32
118,1.21
135,1.41
135,1.4
175,2.94
125,1.41
129,1.25
83,0.54
101,0.88
130,1.27
189,4.69
140,2.2
202,5.7
203,5.24
197,4.8
129,1.8
207,5.5
171,3.72
163,3.16
178,4.26
137,1.86
153,2.44
141,2.2
143,2.6
133,1.74
154,2.49
130,1.64
122,1.39
106,1.11
101,0.99
143,1.82
148,1.98
181,2.65
108,0.93
74,0.34
117,1.38
130,1.71
119,1.39
124,1.56
132,1.77
120,1.44
134,1.82
124,1.54
124,1.56
111,1.19
125,1.54
121,1.47
102,0.96
125,1.53
73,0.23
82,0.53
92,0.72
77,0.44
74,0.4
177,3.6
164,2.48
72,0.35
75,0.38
78,0.43
180,3.4
120,1.36
132,1.74
179,3.45
142,2.6
144,2.14
153,2.48
159,2.74
138,1.83
138,1.83
141,1.92
125,1.44
117,1.42
148,2.18
120,1.28
199,4.25
157,2.65
130,1.59
133,1.68
129,1.55
178,3.54
118,1.19
131,1.55
128,1.47
107,1.24
139,1.8
88,0.74
131,1.55
150,2.16
126,1.4
157,2.44
101,1.6
153,2.3
170,3.27
139,1.81
140,1.83
134,1.64
170,3.13
145,1.99
94,1.4
150,2.67
153,2.8
124,1.68
120,1.54
146,2.52
156,2.88
119,1.5
130,1.88
137,2.16
102,1.29
134,2.2
100,1.23
130,1.9
129,1.85
143,2.39
123,1.64
135,2.7
218,5.83
210,5.53
178,3.49
80,0.37
126,1.23
117,1.4
147,1.8
109,0.86
151,1.91
186,2.76
158,2.13
83,0.41
162,2.59
145,2.18
152,2.4
126,1.51
128,1.58
134,1.76
124,1.47
134,1.79
158,2.45
184,3.44
130,1.65
164,2.69
90,0.63
88,0.59
101,0.82
88,0.6
95,0.69
79,0.45
106,1.22
143,2.23
71,0.41
140,2.12
124,1.72
109,1.29
156,2.75
132,2.3
118,1.5
133,2.6
125,1.76
119,1.54
127,1.83
76,0.28
68,0.18
140,2.1
118,1.32
121,1.4
119,1.34
119,1.34
89,0.63
138,1.97
80,0.48
112,1.17
128,1.63
106,1.1
114,1.24
85,0.56
129,1.66
139,2.1
137,1.92
100,0.87
132,1.76
133,1.8
126,1.55
151,2.37
81,0.5
137,1.92
141,2.14
112,1.42
131,1.79
142,2.17
92,0.84
174,3.34
129,1.72
143,2.17
145,2.22
116,1.56
110,1.23
150,2.26
123,1.6
137,1.82
129,1.56
90,0.72
132,1.67
128,1.55
92,0.75
87,0.64
105,1.9
188,4.15
156,2.72
159,2.88
219,5.87
211,5.62
148,2.43
146,2.33
172,3.59
143,2.23
156,2.72
129,1.72
123,1.54
133,1.85
122,1.37
129,1.59
159,2.37
140,1.93
158,2.34
151,2.11
133,1.72
95,0.81
129,1.58
157,2.31
181,3.34
133,1.66
104,0.58
134,1.69
161,2.62
112,0.7
127,1.48
130,1.57
188,3.68
74,0.4
70,0.41
71,0.36
87,0.62
91,0.72
127,1.42
75,0.42
71,0.36
75,0.42
72,0.38
82,0.53
76,0.43
125,1.71
162,3.24
186,4.29
153,2.86
174,3.73
159,3.13
173,3.65
175,3.84
193,4.64
151,2.78
147,2.57
167,3.29
188,4.44
119,0.93
140,1.39
128,1.1
68,0.27
81,0.51
70,0.42
89,0.61
120,1.3
97,0.77
112,1.11
113,1.14
70,0.43
83,0.4
74,0.3
77,0.33
72,0.27
190,3.8
192,4.2
85,0.45
131,1.55
183,3.69
150,2.15
198,3.97
139,1.79
142,1.33
137,1.22
175,2.2
149,1.49
138,1.25
174,3.9
71,0.2
68,0.22
138,1.78
85,0.6
128,1.46
86,0.61
132,1.57
128,1.47
131,1.57
141,1.84
128,1.46
134,1.64
130,1.52
145,1.98
125,1.39
156,3.8
119,1.59
137,2.27
166,3.44
166,3.47
119,1.59
144,2.57
142,2.46
141,2.44
148,2.71
148,2.72
116,1.64
156,3.12
120,1.63
164,3.47
155,3.3
122,1.68
135,2.2
142,2.48
151,2.89
130,1.98
89,0.46
116,1.19
112,1.8
88,0.57
94,0.67
117,1.22
118,1.16
114,1.13
94,0.68
96,0.86
115,1.21
115,1.21
115,1.21
81,0.48
108,1.5
130,1.46
118,1.15
99,0.83
116,1.25
135,1.62
96,0.77
127,1.37
94,0.59
104,0.79
83,0.43
143,1.87
123,1.28
98,0.67
122,1.27
89,0.52
134,1.6
110,0.92
126,1.36
89,0.72
81,0.57
102,0.95
86,0.54
152,1.63
155,2.48
146,2.1
84,0.56
108,1.9
110,1.13
90,0.65
133,1.66
150,2.22
137,1.78
155,2.39
109,1.11
126,1.45
119,1.2
121,1.25
93,0.56
139,1.13
106,0.8
125,1.36
121,1.26
146,1.27
121,1.24
130,1.49
143,1.21
119,1.19
88,0.44
147,2.11
72,0.26
204,5.1
154,2.34
234,6.73
150,2.19
171,3.35
126,1.43
204,5.15
117,0.93
140,1.85
79,0.32
114,1.6
141,2.21
104,1.9
126,1.68
87,0.68
167,3.15
139,2.13
138,2.9
84,0.58
147,2.11
137,1.76
98,0.7
97,0.69
75,0.53
124,1.57
131,1.81
137,2.2
89,0.83
111,1.52
123,1.55
135,1.97
128,1.74
119,1.44
148,2.51
133,1.91
139,2.12
123,1.58
124,1.6
122,1.52
140,2.2
174,3.55
149,2.53
106,1.1
139,2.14
79,0.6
133,1.85
99,1.1
130,1.34
144,1.72
139,1.57
113,1.17
130,1.32
116,1.26
74,0.4
109,1.1
83,0.55
87,0.56
121,1.32
75,0.42
147,2.33
128,1.63
170,3.4
163,2.63
141,2.9
180,3.45
120,1.4
172,3.23
148,2.34
270,8.46
179,4.15
192,4.38
239,6.96
241,7.2
81,0.5
87,0.62
74,0.39
134,1.43
138,1.52
134,1.42
109,0.97
121,1.4
141,2.4
130,1.66
151,2.22
159,2.51
127,1.57
129,1.64
134,1.78
150,2.21
140,1.99
86,0.53
84,0.51
85,0.52
72,0.34
73,0.35
71,0.32
70,0.36
70,0.36
79,0.43
94,0.67
89,0.58
101,0.83
78,0.42
88,0.56
71,0.32
118,1.34
205,3.97
123,1.53
122,1.52
156,2.79
141,2.18
137,2.3
154,2.69
127,1.66
151,2.57
171,3.59
123,1.53
157,2.79
129,1.74
145,2.31
176,3.82
155,2.71
129,1.75
201,3.97
154,2.76
123,1.59
139,2.17
123,1.58
117,1.42
159,3
140,2.22
170,3.13
122,1.56
92,0.9
80,0.61
124,1.6
139,2.14
132,1.84
93,0.94
152,2.64
120,1.45
124,1.59
107,1.34
143,2.13
206,5.1
239,6.43
242,6.83
197,4.52
191,4.2
168,3.27
78,0.3
71,0.24
69,0.29
73,0.26
89,0.44
73,0.26
86,0.4
82,0.36
92,0.43
68,0.28
79,0.32
87,0.41
51,0.2
53,0.2
132,1.79
54,0.2
133,1.82
78,0.52
145,2.24
121,1.42
156,2.36
162,2.59
122,1.47
143,2.2
132,1.71
138,1.92
216,5.23
198,4.5
166,3.4
154,2.49
182,3.77
147,2.24
128,1.72
117,1.41
119,1.45
131,1.81
127,1.69
124,1.58
141,2.19
123,1.57
131,1.81
132,1.84
94,0.79
119,1.44
55,0.2
55,0.2
55,0.2
73,0.37
78,0.45
75,0.41
95,0.71
79,0.47
74,0.39
83,0.53
93,0.66
81,0.49
55,0.2
123,1.27
129,1.43
102,0.91
137,1.67
127,1.37
55,0.2
56,0.2
56,0.2
56,0.2
56,0.2
127,1.6
120,1.38
187,3.67
135,1.84
157,2.69
123,1.42
124,1.43
129,1.15
126,1.5
127,1.1
95,0.75
122,1.37
118,1.26
124,1.44
125,1.46
56,0.2
56,0.2
57,0.2
57,0.2
57,0.2
57,0.2
57,0.2
170,2.97
193,3.97
141,2.12
191,3.75
150,2.21
133,1.84
142,2.16
139,2.5
150,2.22
163,2.71
119,1.39
118,1.37
122,1.47
136,1.93
134,1.86
129,1.3
126,1.23
122,1.12
153,1.99
149,1.85
162,2.12
162,2.12
161,2.8
131,1.35
94,0.68
70,0.32
57,0.2
57,0.2
90,0.51
90,0.5
57,0.2
58,0.2
79,0.35
75,0.28
75,0.28
59,0.2
80,0.37
60,0.2
60,0.2
61,0.2
61,0.2
61,0.2
61,0.2
62,0.2
62,0.2
63,0.2
64,0.2
64,0.2
64,0.2
64,0.2
66,0.2
67,0.2
53,0.21
124,1.2
79,0.43
53,0.21
54,0.21
54,0.21
55,0.21
56,0.21
56,0.21
57,0.21
57,0.21
57,0.21
57,0.21
57,0.21
58,0.21
68,0.34
86,0.51
58,0.21
58,0.21
58,0.21
80,0.42
59,0.21
139,1.94
136,1.83
126,1.5
119,1.29
120,1.35
147,2.14
144,2.4
60,0.21
60,0.21
61,0.21
141,1.61
112,1.1
110,1.7
128,1.54
136,1.86
78,0.5
138,1.92
127,1.57
146,2.19
155,2.6
120,1.33
80,0.54
139,1.95
137,1.88
129,1.62
130,1.66
120,1.33
148,2.26
143,2.9
131,1.68
83,0.6
61,0.21
62,0.21
62,0.21
63,0.21
63,0.21
121,1.5
79,0.47
64,0.21
94,0.75
157,2.89
174,3.64
65,0.21
69,0.41
99,0.87
66,0.21
87,0.61
67,0.21
105,1
67,0.21
147,2.46
144,2.33
87,0.43
68,0.24
90,0.53
108,0.87
74,0.28
91,0.54
77,0.3
94,0.6
89,0.56
50,0.22
74,0.34
90,0.59
53,0.22
79,0.41
72,0.32
72,0.31
72,0.32
53,0.22
166,2.67
178,3.46
175,3.31
174,3.15
127,1.78
124,1.66
120,1.54
103,1.9
156,2.85
100,1
54,0.22
131,1.92
161,3.7
80,0.56
131,1.92
106,1.17
133,2
54,0.22
95,0.58
83,0.4
103,0.73
124,1.1
121,1.58
79,0.56
110,1.32
56,0.22
95,0.93
95,0.95
75,0.5
82,0.62
81,0.6
111,1.33
80,0.59
118,1.47
74,0.47
111,1.35
93,0.9
71,0.42
56,0.22
87,0.75
78,0.56
90,0.81
97,0.99
91,0.83
86,0.71
56,0.22
57,0.22
57,0.22
57,0.22
58,0.22
135,1.86
137,1.93
126,1.55
98,0.93
178,3.42
134,1.8
161,2.83
198,4.29
133,1.79
124,1.48
89,0.45
58,0.22
86,0.5
94,0.65
93,0.63
98,0.72
92,0.62
88,0.55
105,0.84
102,0.78
113,1.3
68,0.2
71,0.32
79,0.42
58,0.22
104,0.84
92,0.65
85,0.53
118,0.97
85,0.52
124,1.9
135,1.36
82,0.47
83,0.49
87,0.55
194,1.85
214,3.18
58,0.22
58,0.22
80,0.38
59,0.22
59,0.22
99,0.66
61,0.22
81,0.4
91,0.53
79,0.37
92,0.55
97,0.63
62,0.22
75,0.32
62,0.22
84,0.43
62,0.22
218,6.5
168,3.48
187,4.35
178,3.97
156,3.29
191,3.1
63,0.22
86,0.4
63,0.22
75,0.27
79,0.31
63,0.22
91,0.47
177,3.54
129,1.72
123,1.51
121,1.44
123,1.52
117,1.48
127,1.64
128,1.66
155,2.68
161,2.92
141,2.11
125,1.56
115,1.39
141,2.14
153,2.58
169,3.33
148,2.4
133,1.85
135,1.9
115,1.17
120,1.2
120,1.21
138,1.71
120,1.21
82,0.48
109,1.3
63,0.22
64,0.22
65,0.22
65,0.22
65,0.22
143,1.91
142,1.89
66,0.22
80,0.47
95,0.75
66,0.22
151,2.5
120,1.12
120,1.11
124,1.27
136,1.59
146,1.9
88,0.73
154,2.53
84,0.63
120,1.38
125,1.51
138,1.96
107,1.22
112,1.38
192,3.72
66,0.22
97,0.93
137,1.92
70,0.31
125,1.52
145,2.18
128,1.63
139,1.97
124,1.47
121,1.4
121,1.41
124,1.34
119,1.21
94,0.85
95,0.88
97,0.94
53,0.23
83,0.62
130,1.46
121,1.25
87,0.69
126,1.33
93,0.84
123,1.31
75,0.47
81,0.57
138,1.68
119,1.21
58,0.23
84,0.63
87,0.7
59,0.23
118,1.18
101,1.3
109,1.26
105,1.17
74,0.35
89,0.59
60,0.23
61,0.23
103,0.86
64,0.23
65,0.23
66,0.23
66,0.23
124,1.57
90,0.71
87,0.65
85,0.62
78,0.48
151,2.52
123,1.51
95,0.83
80,0.53
92,0.77
91,0.75
85,0.62
128,1.81
170,3.56
182,4.9
128,1.83
174,3.76
155,2.91
174,3.9
130,1.91
149,2.65
154,2.88
152,2.8
183,4.28
148,2.61
122,1.4
78,0.39
66,0.23
66,0.23
67,0.23
67,0.23
67,0.23
70,0.28
76,0.32
72,0.27
54,0.24
55,0.24
55,0.24
107,0.79
114,1.1
89,0.49
103,0.72
57,0.24
91,0.51
73,0.28
111,0.94
123,1.45
122,1.41
101,0.83
102,0.86
91,0.65
120,1.35
99,0.8
138,1.95
81,0.46
122,1.35
153,2.3
128,1.46
85,0.52
127,1.51
106,0.94
133,1.63
119,1.26
120,1.29
119,1.26
117,1.23
58,0.24
164,3.1
182,3.68
72,0.32
195,4.4
58,0.24
227,5.62
157,2.77
150,2.73
183,4.42
167,3.65
155,2.93
168,3.54
116,1.55
177,4.17
165,3.58
148,2.61
165,3.11
134,1.77
152,2.42
175,3.28
129,1.62
180,3.39
146,2.19
167,3
168,3.13
130,1.66
81,0.52
145,1.93
146,1.97
152,2.19
150,2.1
58,0.24
183,3.38
183,3.14
127,1.4
60,0.24
108,0.98
61,0.24
61,0.24
61,0.24
111,0.92
61,0.24
61,0.24
72,0.29
163,2.78
114,1.23
129,1.59
116,1.28
128,1.55
133,1.7
123,1.41
126,1.48
103,0.94
140,1.94
142,1.98
136,1.79
166,2.83
121,1.35
71,0.28
75,0.32
62,0.24
150,2.65
62,0.24
207,4.84
104,0.95
120,1.58
96,0.76
139,1.94
159,2.68
149,2.32
107,1.18
118,1.34
111,1.3
129,1.68
144,2.14
115,1.44
97,0.91
136,1.91
133,1.83
133,1.81
144,2.17
145,2.2
148,2.3
63,0.24
161,2.83
83,0.52
77,0.42
118,1.32
124,1.47
173,3.8
129,1.65
131,1.7
86,0.57
129,1.5
166,2.3
151,2.1
101,0.93
152,2.13
119,1.21
129,1.5
76,0.44
141,1.79
108,1.1
138,1.77
95,0.78
88,0.64
63,0.24
119,1.23
140,1.74
105,1.3
125,1.37
111,1.18
64,0.24
141,2.29
130,1.81
87,0.75
129,1.78
74,0.49
101,1.14
119,1.43
148,2.58
121,1.5
82,0.64
103,1.19
73,0.46
131,1.89
128,1.73
117,1.69
93,0.9
132,1.92
125,1.64
83,0.67
112,1.5
128,1.73
65,0.24
65,0.24
67,0.24
67,0.24
71,0.26
148,2.7
150,2.16
172,2.92
104,0.9
154,2.28
123,1.32
144,1.94
157,2.53
182,3.46
162,2.73
169,2.96
150,2.24
132,1.55
174,3.8
147,2.4
208,4.41
75,0.36
143,1.7
118,1.5
67,0.24
92,0.62
67,0.24
107,0.91
67,0.24
52,0.25
52,0.25
56,0.25
56,0.25
58,0.25
224,4.83
116,1.54
189,3.93
134,1.9
135,1.92
138,2.4
160,3.2
111,1.37
105,1.17
112,1.4
89,0.75
128,1.71
151,2.57
148,2.41
129,1.72
135,1.95
139,2.9
131,1.79
58,0.25
112,1.4
151,2.56
140,2.11
171,3.36
123,1.6
91,0.68
79,0.46
76,0.42
106,0.93
72,0.36
58,0.25
74,0.4
74,0.4
72,0.37
74,0.4
97,0.72
73,0.37
86,0.59
60,0.25
155,3.3
76,0.63
149,2.76
161,3.29
75,0.6
213,5.73
90,0.99
153,2.95
179,4.1
136,2.19
153,2.91
75,0.6
136,2.19
72,0.54
132,2.3
85,0.86
162,3.38
151,2.83
157,3.13
159,3.21
86,0.9
118,1.52
158,3.15
150,2.81
126,1.8
124,1.75
135,2.16
139,2.33
144,2.53
136,2.18
60,0.25
61,0.25
62,0.25
85,0.39
75,0.27
87,0.41
62,0.25
62,0.25
75,0.27
74,0.27
62,0.25
69,0.22
62,0.25
63,0.25
177,2.88
135,1.56
83,0.24
135,1.56
156,2.22
126,1.53
117,1.41
110,1.19
139,1.97
194,4.17
148,2.3
130,1.68
117,1.41
135,1.82
75,0.43
119,1.28
129,1.54
81,0.54
120,1.29
125,1.44
137,1.74
85,0.61
127,1.5
94,0.8
137,1.75
133,1.61
142,1.93
132,1.59
116,1.4
129,1.56
101,0.87
99,0.81
95,0.75
107,1.3
136,1.64
76,0.4
110,1.11
77,0.42
93,0.7
77,0.42
95,0.74
84,0.53
101,0.88
64,0.25
94,0.72
108,1.3
140,2.14
191,4.17
181,3.72
153,2.66
153,2.68
174,3.5
162,3.8
156,2.79
149,2.49
180,3.86
149,2.52
135,1.98
95,0.77
115,1.27
123,1.56
111,1.15
187,3.96
144,1.77
92,0.7
151,2
147,1.86
134,1.48
90,0.66
104,0.97
98,0.83
119,1.42
121,1.49
111,1.16
65,0.25
90,0.38
288,7.94
165,2.78
65,0.25
66,0.25
66,0.25
66,0.25
67,0.25
67,0.25
105,0.7
87,0.42
53,0.26
70,0.34
263,8.11
55,0.26
256,7.53
130,1.48
100,0.73
84,0.47
119,1.17
112,1
115,1.7
126,1.38
71,0.29
102,0.78
118,1.14
119,1.17
125,1.34
129,1.58
84,0.41
56,0.26
58,0.26
78,0.47
85,0.59
70,0.44
142,2.2
101,0.95
72,0.39
83,0.57
100,0.92
87,0.63
92,0.73
102,0.97
124,1.55
59,0.26
121,1.48
122,1.51
176,3.76
169,3.4
138,1.95
140,2.3
171,3.48
163,2.92
147,2.26
136,1.89
160,2.77
96,0.82
203,4.53
137,1.95
147,2.34
131,1.76
159,2.81
137,1.95
195,4.48
96,0.77
152,1.73
81,0.32
111,0.74
123,1.2
152,1.71
145,1.54
137,1.35
164,1.97
124,1.5
123,1.1
103,0.6
130,1.17
156,1.77
81,0.36
59,0.26
59,0.26
77,0.32
103,0.69
59,0.26
82,0.38
59,0.26
60,0.26
61,0.26
74,0.29
62,0.26
64,0.26
64,0.26
65,0.26
66,0.26
66,0.26
67,0.26
67,0.26
156,2.79
151,2.56
135,1.94
167,3.23
151,2.58
67,0.26
73,0.33
57,0.27
58,0.27
77,0.37
87,0.52
58,0.27
59,0.27
60,0.27
61,0.27
62,0.27
63,0.27
233,7.7
150,3.14
156,3.49
183,4.7
63,0.27
63,0.27
71,0.44
263,8.41
64,0.27
64,0.27
64,0.27
64,0.27
64,0.27
64,0.27
116,0.94
133,0.93
65,0.27
162,1.52
65,0.27
122,0.76
147,1.2
97,0.6
141,1.9
75,0.29
117,0.97
136,1
132,0.92
133,0.93
166,3.42
161,2.98
200,4.72
161,2.99
85,0.35
65,0.27
65,0.27
65,0.27
66,0.27
66,0.27
177,3.8
155,2.21
185,3.41
167,2.63
115,1.12
165,2.75
153,2.14
132,1.49
147,2.32
148,2.34
120,1.34
162,2.91
142,2.4
163,2.95
165,2.84
93,0.57
68,0.22
83,0.42
85,0.46
83,0.42
76,0.24
67,0.27
67,0.27
67,0.27
143,1.53
90,0.6
73,0.36
57,0.28
58,0.28
98,0.75
78,0.41
81,0.45
72,0.34
59,0.28
60,0.28
61,0.28
61,0.28
62,0.28
62,0.28
63,0.28
63,0.28
152,2.67
170,3.52
133,2.6
146,2.43
130,1.95
131,1.98
63,0.28
146,2.57
170,3.53
135,2.14
86,0.77
147,2.44
86,0.77
88,0.85
157,2.49
181,3.52
135,1.77
123,1.4
120,1.31
161,2.66
98,0.51
116,0.77
162,2.83
167,3.46
81,0.5
120,1.38
203,4.79
168,2.94
73,0.38
148,2.19
63,0.28
97,0.72
63,0.28
63,0.28
64,0.28
73,0.29
83,0.42
69,0.26
91,0.49
76,0.33
64,0.28
131,1.4
64,0.28
64,0.28
64,0.28
153,2.2
115,1.22
96,0.77
71,0.35
83,0.52
86,0.57
65,0.28
65,0.28
80,0.48
110,1.12
78,0.44
113,1.18
105,0.94
111,1.7
71,0.33
146,1.83
138,1.61
85,0.53
143,1.74
95,0.71
112,1.9
86,0.55
67,0.28
67,0.28
93,0.55
59,0.29
61,0.29
76,0.4
80,0.45
62,0.29
62,0.29
86,0.55
129,1.81
129,1.8
138,2.13
148,2.52
143,2.35
124,1.65
121,1.52
158,2.83
149,2.46
144,2.38
123,1.59
79,0.42
63,0.29
80,0.42
71,0.31
63,0.29
64,0.29
75,0.37
69,0.31
64,0.29
81,0.45
73,0.34
64,0.29
64,0.29
64,0.29
78,0.41
214,5.12
151,2.24
208,4.62
197,4.17
191,3.93
131,1.41
107,1.4
75,0.4
65,0.29
118,1.7
137,1.94
132,1.78
169,2.5
124,1.51
138,2.12
106,1.23
128,1.77
113,1.46
112,1.42
66,0.29
112,1.44
173,3.11
94,0.9
119,1.46
108,1.29
142,2.28
158,2.81
91,0.82
114,1.5
78,0.54
154,2.61
86,0.71
117,1.61
136,2.6
97,0.99
84,0.67
141,2.26
80,0.58
116,1.56
157,2.93
149,2.6
135,2.4
119,1.48
142,2.31
124,1.64
121,1.23
117,1.29
91,0.66
126,1.37
72,0.34
102,0.91
75,0.39
87,0.58
131,1.49
120,1.46
159,2.82
145,2.28
91,0.75
155,2.68
118,1.38
79,0.52
69,0.38
156,2.8
183,3.8
156,2.11
200,4.15
183,3.81
167,3.34
195,4.43
149,1.87
156,2.8
165,3.16
141,1.65
155,2.6
132,1.39
93,0.77
168,2.86
113,1.32
139,1.77
158,2.39
108,1.16
166,2.58
152,2.19
157,2.38
119,1.31
202,4.47
131,1.67
253,7.6
145,1.86
143,1.79
126,1.32
141,1.75
85,0.4
79,0.33
93,0.53
181,2.89
84,0.46
77,0.36
101,0.73
95,0.64
72,0.3
99,0.71
114,0.95
78,0.34
115,0.97
87,0.46
77,0.33
101,0.69
95,0.58
124,1.42
103,0.73
121,1.33
97,0.62
86,0.44
102,0.71
96,0.61
155,2.47
77,0.33
112,0.92
103,0.74
126,1.47
76,0.32
113,0.94
83,0.48
131,1.17
100,0.8
99,0.78
184,2.94
186,2.77
189,3.11
139,1.39
124,1.24
128,1.51
119,1.26
82,0.51
81,0.49
80,0.47
70,0.38
104,0.96
184,4.12
150,2.4
181,4.2
159,2.78
154,2.57
146,2.26
170,3.4
174,3.91
207,3.41
181,3.51
107,0.9
191,3.24
166,2.71
209,4.97
128,1.28
159,2.8
196,4.29
85,0.57
129,1.4
97,0.79
88,0.64
79,0.47
96,0.78
89,0.65
94,0.74
87,0.61
69,0.35
94,0.74
124,1.9
115,1.13
111,1.4
99,0.77
132,1.28
95,0.68
135,1.36
109,0.99
114,1.11
120,1.1
105,0.9
113,1.1
75,0.27
78,0.3
85,0.34
123,1.39
100,0.89
150,2.16
130,1.53
133,1.61
141,1.87
103,0.97
119,1.2
69,0.35
108,1.12
115,0.99
147,1.55
122,0.96
100,0.72
104,0.79
75,0.31
86,0.45
75,0.2
115,1.23
125,1.59
113,1.18
172,3.72
142,2.17
127,1.63
141,2.14
130,1.15
150,1.63
92,0.87
142,1.43
121,0.95
100,1.12
203,3.1
110,1.44
93,0.9
127,1.9
132,1.2
77,0.54
134,1.24
130,1.16
127,1.9
192,4.43
158,1.86
134,1.24
147,1.56
163,1.98
135,1.28
165,3.4
184,3.9
110,1.42
121,1.25
148,2.1
168,2.45
125,1.39
113,1.12
99,0.78
124,1.34
98,0.77
103,0.87
108,1
154,1.96
147,1.73
204,5.5
188,3.97
295,9.71
229,6.69
198,3.93
293,9.86
164,2.85
164,2.86
86,0.41
200,4.72
211,5.42
130,1.99
187,3.95
166,3.4
120,1.54
142,2.25
152,2.67
128,1.81
118,1.47
106,1.27
182,4.7
101,1.11
70,0.38
154,2.73
182,3.92
180,3.75
156,2.79
207,4.89
142,2.24
204,5.1
164,3.15
109,0.79
116,1.14
102,0.67
103,0.69
121,1.4
141,1.52
114,1.7
68,0.27
78,0.28
102,0.6
77,0.28
87,0.38
87,0.7
93,0.84
139,2.1
133,1.87
107,1.22
124,1.57
124,1.59
106,1.18
128,1.71
88,0.72
78,0.51
123,1.53
149,2.48
127,1.69
76,0.48
108,1.26
84,0.64
118,1.38
116,1.52
120,1.45
132,1.84
119,1.42
133,1.87
145,2.32
156,1.46
118,1.4
87,0.7
120,1.44
135,1.97
78,0.52
139,2.11
147,2.4
115,1.47
127,1.25
127,1.25
148,2.49
119,1.43
151,2.59
149,2.52
164,3.15
137,2.3
160,2.96
123,1.57
138,2.8
172,3.31
160,2.98
96,0.87
178,3.6
154,2.22
152,2.17
158,2.36
138,1.75
119,1.43
129,1.74
138,2.6
130,1.79
153,2.53
180,3.58
103,1.8
188,4.1
77,0.26
225,6.5
80,0.32
88,0.41
212,4.65
149,2
74,0.26
142,2.16
77,0.54
115,1.6
96,0.98
93,0.91
133,1.96
104,1.21
172,3.6
164,3.5
122,1.57
171,3.35
118,1.43
135,1.9
134,1.65
86,0.61
100,0.92
71,0.35
79,0.47
105,0.89
82,0.53
104,0.87
90,0.68
81,0.45
88,0.57
75,0.43
72,0.39
79,0.5
68,0.34
82,0.55
95,0.71
96,0.72
78,0.48
77,0.47
78,0.48
123,1.3
128,1.44
140,1.8
69,0.38
158,2.5
79,0.51
127,1.41
124,1.33
138,1.72
118,1.16
148,1.76
130,1.51
122,1.27
95,0.84
83,0.58
121,1.25
165,2.48
122,1.1
82,0.45
84,0.48
94,0.65
121,0.97
104,0.87
77,0.35
80,0.38
74,0.31
81,0.4
84,0.42
104,0.77
145,1.4
123,1.54
130,1.78
123,1.55
120,1.45
107,1.6
105,1.1
155,2.63
93,0.74
120,1.44
135,1.94
142,2.13
80,0.49
145,2.21
95,0.78
113,1.23
134,1.91
122,1.32
121,1.29
137,1.78
195,3.44
123,1.35
120,1.28
121,1.3
126,1.43
114,1.9
97,0.7
99,0.76
127,1.48
132,1.61
125,1.4
98,0.72
130,1.54
118,1.23
134,1.68
89,0.61
155,2.75
82,0.61
122,1.53
138,2.8
120,1.49
113,1.45
96,0.94
123,1.57
85,0.67
126,1.67
161,3.3
122,1.55
110,1.36
78,0.34
86,0.46
71,0.26
74,0.29
75,0.3
72,0.27
229,5.6
135,1.91
88,0.71
93,0.85
96,0.92
176,3.29
75,0.47
113,1.41
87,0.69
157,2.76
75,0.27
96,0.54
111,0.79
121,1.1
108,0.73
118,1.3
115,0.87
139,1.48
135,1.44
129,1.29
97,0.55
137,1.42
73,0.26
85,0.39
131,1.35
115,1.28
102,1.1
97,0.87
106,1.11
91,0.75
107,1.13
114,1.34
134,1.9
113,1.31
93,0.77
82,0.55
103,1.2
128,1.61
137,1.9
146,2.22
71,0.25
90,0.51
84,0.39
78,0.33
74,0.28
71,0.25
84,0.39
76,0.3
84,0.43
89,0.66
81,0.52
98,0.85
97,0.85
104,1.2
107,0.99
146,2.13
133,1.7
101,0.85
78,0.42
131,1.51
122,1.26
84,0.51
107,1
121,1.23
124,1.33
95,0.73
131,1.51
143,2.3
123,1.28
114,1.1
128,1.39
156,2.1
131,1.62
149,2.11
113,1.21
119,1.27
106,1.1
95,0.77
106,1.2
113,1.2
143,1.89
135,1.73
68,0.3
78,0.32
71,0.25
171,2.79
139,1.85
127,1.48
160,2.45
161,2.47
104,1.4
145,2.4
124,1.37
129,1.52
143,1.96
134,1.67
118,1.19
93,0.64
105,0.83
83,0.47
90,0.59
103,0.84
97,0.73
76,0.37
71,0.31
95,0.69
101,0.8
79,0.41
84,0.49
87,0.54
109,0.9
80,0.42
98,0.74
87,0.53
99,0.76
119,1.1
91,0.6
109,0.98
135,1.5
105,0.89
79,0.41
84,0.49
80,0.43
121,1.13
116,1.5
78,0.39
83,0.47
58,0.3
59,0.3
59,0.3
60,0.3
60,0.3
142,1.87
155,2.33
213,4.34
212,6.13
205,5.39
191,4.74
164,3.37
174,4.8
180,4.23
220,6.15
169,3.53
185,4.55
159,3.14
187,4.54
76,0.4
102,0.87
170,1.95
104,1.7
101,0.99
119,1.36
149,2.34
91,0.74
124,1.52
155,2.57
98,0.9
135,1.9
130,1.7
136,1.94
121,1.42
121,1.45
158,2.69
86,0.64
122,1.46
138,1.99
145,2.23
135,1.9
136,1.91
125,1.57
120,1.39
112,1.32
72,0.41
120,1.41
112,1.32
98,0.93
126,1.59
110,1.28
107,1.19
125,1.73
133,2.6
148,2.65
126,1.78
84,0.66
162,3.33
83,0.63
96,0.93
121,1.62
178,4.29
130,1.91
92,0.83
237,7.17
147,2.6
135,2.1
61,0.3
192,4.73
130,1.93
116,1.3
142,1.98
149,2.2
129,1.59
133,1.7
117,1.32
100,0.86
130,1.6
114,1.22
125,1.46
126,1.48
124,1.42
61,0.3
125,1.72
61,0.3
150,2.71
129,1.85
120,1.54
163,3.26
176,3.47
175,4.6
191,4.27
148,2.63
158,3.6
133,2.1
89,0.85
111,1.28
137,1.99
138,2.6
132,1.82
154,2.45
145,2.32
118,1.36
112,1.3
123,1.53
151,2.31
126,1.61
122,1.5
148,2.44
118,1.37
141,2.14
154,2.45
114,1.37
127,1.66
135,1.92
146,2.36
198,4.5
208,4.14
92,0.6
85,0.51
62,0.3
72,0.35
142,2.13
126,1.76
202,4.64
136,1.9
137,1.94
132,1.97
132,1.97
106,1.15
94,0.62
100,0.74
92,0.64
136,1.76
147,1.75
145,1.68
150,1.84
180,2.72
117,0.84
64,0.3
64,0.3
65,0.3
65,0.3
65,0.3
65,0.3
66,0.3
66,0.3
66,0.3
97,0.53
83,0.39
101,0.6
67,0.3
69,0.25
78,0.33
72,0.27
67,0.3
80,0.49
67,0.3
150,1.97
174,2.97
168,2.89
93,0.66
67,0.3
67,0.3
60,0.31
189,2.93
89,0.57
144,2
171,3.12
138,1.62
166,2.46
142,1.72
120,1.13
124,1.23
101,0.76
136,1.54
136,1.55
84,0.46
147,1.88
61,0.31
64,0.31
180,3.93
163,3.12
166,3.1
158,2.92
125,1.32
125,1.33
132,1.53
103,0.76
139,1.73
120,1.19
126,1.37
64,0.31
141,1.79
166,2.53
171,2.48
120,1.2
141,1.67
129,1.44
124,1.29
119,1.17
141,1.67
138,1.69
122,1.25
65,0.31
126,1.36
131,1.5
96,0.62
106,0.82
155,2.9
73,0.29
65,0.31
74,0.3
82,0.4
65,0.31
71,0.27
66,0.31
67,0.31
77,0.33
67,0.31
83,0.42
67,0.31
73,0.29
57,0.32
73,0.28
82,0.41
148,2.52
142,2.31
122,1.58
107,1.35
123,1.6
157,2.7
118,1.45
125,1.68
98,1.7
72,0.46
73,0.48
61,0.32
143,2.33
116,1.66
139,2.18
176,3.64
142,2.29
158,2.73
132,1.91
64,0.32
64,0.32
64,0.32
64,0.32
66,0.32
66,0.32
66,0.32
66,0.32
67,0.32
61,0.33
63,0.33
135,1.7
64,0.33
67,0.33
77,0.35
62,0.34
62,0.34
69,0.29
64,0.34
92,0.56
65,0.34
74,0.31
67,0.34
64,0.35
63,0.36
65,0.36
66,0.36
67,0.36
67,0.36
65,0.37
67,0.37
66,0.38
67,0.38
157,2.8
139,2.14
153,2.67
160,2.96
76,0.43
84,0.56
83,0.54
154,2.68
83,0.54
148,2.49
118,1.39
141,2.19
149,2.52
87,0.62
88,0.64
122,1.53
129,1.78
124,1.6
67,0.38
143,2.29
154,2.71
66,0.39
136,1.87
169,3.31
169,3.18
134,1.78
121,1.39
189,4.3
135,1.45
179,3.19
153,1.97
85,0.62
144,2.28
84,0.59
118,1.37
130,1.75
90,0.72
144,2.15
107,1.19
131,1.72
120,1.36
166,3.28
118,1.29
146,2.21
106,1.15
133,1.76
94,0.83
163,3.4
81,0.56
89,0.71
137,1.89
144,2.17
118,1.31
130,1.67
87,0.66
130,1.68
121,1.38
104,0.92
88,0.59
124,0.77
82,0.48
94,0.71
84,0.53
85,0.54
92,0.66
131,1.99
125,1.75
144,2.51
183,4.2
174,3.78
171,3.55
142,2.41
185,4.28
113,1.44
126,1.81
133,2.6
124,1.74
169,1.94
117,1.8
102,0.83
139,1.27
72,0.33
173,3.23
136,1.85
127,1.56
147,2.25
125,1.5
119,1.33
186,3.82
141,2.1
166,3.24
68,0.24
170,3.15
83,0.44
78,0.38
79,0.4
77,0.36
78,0.38
121,1.34
78,0.51
121,1.34
104,1.12
69,0.46
97,0.92
96,0.91
79,0.54
93,0.83
100,0.99
119,1.28
153,1.88
102,1.3
150,1.8
132,1.31
75,0.46
75,0.45
134,1.35
87,0.68
151,1.81
155,1.93
91,0.77
132,1.31
156,1.81
122,1.8
156,1.8
104,1.9
142,1.56
152,1.84
155,1.77
161,1.66
137,1.29
149,1.59
163,1.69
89,0.37
126,1.5
123,0.98
93,0.51
122,0.99
91,0.49
136,1.29
112,0.85
226,3.72
244,4.96
151,1.49
100,0.7
90,0.53
142,1.29
150,1.47
136,1.14
194,3.53
139,1.25
96,0.86
117,1.46
96,0.87
95,0.84
78,0.49
118,1.7
139,1.81
100,0.95
102,1.1
133,1.63
72,0.39
120,1.12
125,1.25
129,1.5
82,0.57
122,1.17
103,1.5
134,1.97
120,1.54
119,1.51
130,1.83
119,1.51
120,1.55
109,1.26
106,1.16
129,1.8
123,1.66
95,0.87
126,1.7
101,1.4
119,1.53
106,1.18
117,1.52
161,2.4
154,1.85
137,1.4
117,1.25
87,0.56
115,1.19
94,0.7
155,1.92
179,3.76
71,0.25
133,1.8
293,9.82
139,2.1
136,1.9
120,1.39
142,2.12
122,1.3
136,1.72
195,4.17
121,1.27
89,0.67
118,1.19
68,0.36
119,1.65
123,1.78
153,3.7
166,3.38
185,4.31
124,1.85
81,0.63
152,3.5
96,1.1
135,2.28
139,2.44
112,1.5
141,2.51
101,1.13
168,3.4
89,0.81
89,0.82
175,3.78
164,3.62
94,0.95
75,0.52
123,1.8
93,0.91
140,2.5
119,1.66
101,1.13
128,2
107,1.34
82,0.38
116,0.83
108,0.68
106,0.66
93,0.53
96,0.57
75,0.3
119,0.72
101,0.81
110,1.1
75,0.35
87,0.51
129,1.37
95,0.65
95,0.65
73,0.32
90,0.79
188,4.59
180,4.16
130,2.1
184,4.59
131,2.3
163,3.46
162,3.42
120,1.64
115,1.54
140,2.41
188,4.73
118,1.39
78,0.53
70,0.42
90,0.77
147,2.45
136,2.2
98,1.12
109,1.49
156,2.8
158,2.88
134,1.95
142,2.23
121,1.5
127,1.7
147,2.42
114,1.68
81,0.67
77,0.58
185,4.5
149,2.5
130,1.8
147,2.17
177,3.72
123,1.41
132,1.67
80,0.36
101,0.68
158,2.6
91,0.52
153,2.39
130,1.6
153,2.39
68,0.38
132,1.69
157,2.56
86,0.44
134,1.73
126,1.49
112,0.9
143,2.3
121,1.34
97,0.62
124,1.42
107,0.8
98,0.63
109,0.83
119,1.29
142,2.2
129,1.57
124,1.43
133,1.7
138,1.87
145,2.11
139,1.92
122,1.37
121,1.33
80,0.47
80,0.46
95,0.73
137,2.28
151,2.92
134,2.18
185,4.56
160,3.31
184,4.47
173,3.44
205,5.21
136,2.24
214,5.77
130,2.1
178,4.24
136,1.75
129,1.53
314,12.67
178,3.4
172,3.19
173,3.3
180,3.23
111,0.98
126,1.45
125,1.42
156,2.64
141,2.5
153,2.5
155,2.6
99,0.95
108,1.19
138,1.81
123,1.34
107,1.15
147,0.93
145,0.91
177,1.79
112,0.41
88,0.58
72,0.34
91,0.64
68,0.32
105,0.94
80,0.45
83,0.49
80,0.45
80,0.45
87,0.56
78,0.41
71,0.33
92,0.66
73,0.34
73,0.34
71,0.32
94,0.63
138,1.6
98,0.7
132,1.41
128,1.31
107,0.88
120,1.1
110,0.95
115,1.8
155,2.18
118,1.12
78,0.36
100,0.76
112,1.1
112,0.62
134,0.95
99,0.45
84,0.29
72,0.23
73,0.24
125,1.49
85,0.37
90,0.42
73,0.24
72,0.23
115,1.39
101,0.59
71,0.22
82,0.33
86,0.37
123,1.45
75,0.4
79,0.46
85,0.59
81,0.53
102,0.99
143,2.27
74,0.41
93,0.77
102,0.97
130,1.77
100,0.92
121,1.5
155,2.75
90,0.7
178,2.41
170,3.3
154,2.27
149,2.1
160,2.55
150,2.14
187,3.43
137,1.71
150,2.13
172,2.66
128,1.43
163,2.68
138,1.75
80,0.45
69,0.26
119,1.49
134,1.99
140,2.23
165,3.14
155,2.67
140,2.11
146,2.34
165,3
196,4.47
199,4.52
138,1.87
146,2.14
154,2.42
149,2.25
180,3.52
115,1.3
80,0.38
81,0.4
89,0.49
75,0.32
86,0.45
72,0.29
80,0.38
79,0.36
87,0.47
81,0.4
71,0.27
75,0.31
139,2.35
139,2.34
129,1.97
145,2.63
109,1.51
135,2.2
108,1.47
93,0.99
129,1.97
161,3.3
124,1.76
158,3.14
89,0.87
101,0.78
89,0.57
114,1.8
123,1.16
85,0.5
68,0.24
73,0.33
82,0.46
101,0.85
106,0.98
74,0.34
96,0.69
99,0.76
85,0.49
104,0.92
142,2.1
163,2.76
166,3.42
135,1.75
178,3.73
177,3.32
167,3.52
146,2.55
156,2.97
203,4.93
153,2.6
165,3.51
125,1.17
123,1.56
71,0.41
118,1.4
124,1.59
122,1.52
88,0.75
99,1.3
72,0.43
94,0.89
75,0.48
88,0.75
73,0.44
146,2.33
134,1.89
114,1.47
103,1.15
77,0.52
79,0.55
130,1.76
71,0.24
138,1.58
122,1.31
77,0.31
70,0.39
78,0.31
113,0.86
76,0.3
116,0.93
107,0.74
85,0.4
126,1.43
81,0.35
117,0.95
124,1.37
134,1.48
129,1.41
68,0.35
70,0.35
74,0.33
71,0.3
90,0.56
81,0.41
100,0.72
77,0.36
85,0.47
87,0.5
77,0.35
112,0.78
93,0.6
121,1.12
129,1.3
71,0.29
123,1.15
86,0.48
84,0.45
74,0.32
99,0.71
94,0.61
90,0.54
111,1.19
105,1.3
208,5.75
170,3.49
189,4.5
191,4.72
256,6.6
168,3.5
76,0.38
91,0.62
79,0.42
64,0.4
67,0.4
72,0.26
65,0.41
67,0.42